sector,quarter,amount,table
Software Publishers,2013Q4,0.028,Tab.10.1
Computing Infrastructure...,2013Q4,0.029,Tab.10.1
Custom Computer Programming...,2013Q4,0.009,Tab.10.1
Insurance Agencies and Brokerages,2013Q4,0.009,Tab.10.1
Other Financial Vehicles,2013Q4,0.004,Tab.10.1
Computer Systems Design Services,2013Q4,0.005,Tab.10.1
"All Other Professional,...",2013Q4,0.004,Tab.10.1
Other Computer Related Services,2013Q4,0.004,Tab.10.1
Offices of Physicians,2013Q4,0.002,Tab.10.1
Lessors of Nonresidential Buildings,2013Q4,0.008,Tab.10.1
Engineering Services,2013Q4,0.003,Tab.10.1
Consumer Lending,2013Q4,0.003,Tab.10.1
Natural Gas Distribution,2013Q4,0.005,Tab.10.1
Full-Service Restaurants,2013Q4,0.005,Tab.10.1
Offices of Other Holding Companies,2013Q4,0.003,Tab.10.1
Home Health Care Services,2013Q4,0.004,Tab.10.1
Hotels and Motels,2013Q4,0.007,Tab.10.1
Commercial Banking,2013Q4,0.018,Tab.10.1
Other Activities Related to Real...,2013Q4,0.004,Tab.10.1
Lessors of Residential Buildings...,2013Q4,0.003,Tab.10.1
Offices of Dentists,2013Q4,0.002,Tab.10.1
Real Estate Credit,2013Q4,0.005,Tab.10.1
Marketing Research and Public...,2013Q4,0.002,Tab.10.1
Supermarkets and Other Grocery...,2013Q4,0.008,Tab.10.1
Software Publishers,2014Q4,0.038,Tab.10.1
Computing Infrastructure...,2014Q4,0.023,Tab.10.1
Custom Computer Programming...,2014Q4,0.01,Tab.10.1
Insurance Agencies and Brokerages,2014Q4,0.01,Tab.10.1
Other Financial Vehicles,2014Q4,0.004,Tab.10.1
Computer Systems Design Services,2014Q4,0.008,Tab.10.1
"All Other Professional,...",2014Q4,0.006,Tab.10.1
Other Computer Related Services,2014Q4,0.004,Tab.10.1
Offices of Physicians,2014Q4,0.002,Tab.10.1
Lessors of Nonresidential Buildings,2014Q4,0.008,Tab.10.1
Engineering Services,2014Q4,0.002,Tab.10.1
Consumer Lending,2014Q4,0.006,Tab.10.1
Natural Gas Distribution,2014Q4,0.004,Tab.10.1
Full-Service Restaurants,2014Q4,0.009,Tab.10.1
Offices of Other Holding Companies,2014Q4,0.003,Tab.10.1
Home Health Care Services,2014Q4,0.003,Tab.10.1
Hotels and Motels,2014Q4,0.007,Tab.10.1
Commercial Banking,2014Q4,0.011,Tab.10.1
Other Activities Related to Real...,2014Q4,0.005,Tab.10.1
Lessors of Residential Buildings...,2014Q4,0.004,Tab.10.1
Offices of Dentists,2014Q4,0.002,Tab.10.1
Real Estate Credit,2014Q4,0.004,Tab.10.1
Marketing Research and Public...,2014Q4,0.002,Tab.10.1
Supermarkets and Other Grocery...,2014Q4,0.005,Tab.10.1
Software Publishers,2015Q4,0.049,Tab.10.1
Computing Infrastructure...,2015Q4,0.018,Tab.10.1
Custom Computer Programming...,2015Q4,0.015,Tab.10.1
Insurance Agencies and Brokerages,2015Q4,0.01,Tab.10.1
Other Financial Vehicles,2015Q4,0.006,Tab.10.1
Computer Systems Design Services,2015Q4,0.006,Tab.10.1
"All Other Professional,...",2015Q4,0.006,Tab.10.1
Other Computer Related Services,2015Q4,0.005,Tab.10.1
Offices of Physicians,2015Q4,0.003,Tab.10.1
Lessors of Nonresidential Buildings,2015Q4,0.008,Tab.10.1
Engineering Services,2015Q4,0.004,Tab.10.1
Consumer Lending,2015Q4,0.008,Tab.10.1
Natural Gas Distribution,2015Q4,0.006,Tab.10.1
Full-Service Restaurants,2015Q4,0.007,Tab.10.1
Offices of Other Holding Companies,2015Q4,0.006,Tab.10.1
Home Health Care Services,2015Q4,0.003,Tab.10.1
Hotels and Motels,2015Q4,0.006,Tab.10.1
Commercial Banking,2015Q4,0.009,Tab.10.1
Other Activities Related to Real...,2015Q4,0.003,Tab.10.1
Lessors of Residential Buildings...,2015Q4,0.004,Tab.10.1
Offices of Dentists,2015Q4,0.002,Tab.10.1
Real Estate Credit,2015Q4,0.009,Tab.10.1
Marketing Research and Public...,2015Q4,0.002,Tab.10.1
Supermarkets and Other Grocery...,2015Q4,0.005,Tab.10.1
Software Publishers,2016Q4,0.061,Tab.10.1
Computing Infrastructure...,2016Q4,0.02,Tab.10.1
Custom Computer Programming...,2016Q4,0.015,Tab.10.1
Insurance Agencies and Brokerages,2016Q4,0.012,Tab.10.1
Other Financial Vehicles,2016Q4,0.018,Tab.10.1
Computer Systems Design Services,2016Q4,0.01,Tab.10.1
"All Other Professional,...",2016Q4,0.009,Tab.10.1
Other Computer Related Services,2016Q4,0.009,Tab.10.1
Offices of Physicians,2016Q4,0.004,Tab.10.1
Lessors of Nonresidential Buildings,2016Q4,0.007,Tab.10.1
Engineering Services,2016Q4,0.003,Tab.10.1
Consumer Lending,2016Q4,0.009,Tab.10.1
Natural Gas Distribution,2016Q4,0.007,Tab.10.1
Full-Service Restaurants,2016Q4,0.005,Tab.10.1
Offices of Other Holding Companies,2016Q4,0.003,Tab.10.1
Home Health Care Services,2016Q4,0.003,Tab.10.1
Hotels and Motels,2016Q4,0.007,Tab.10.1
Commercial Banking,2016Q4,0.008,Tab.10.1
Other Activities Related to Real...,2016Q4,0.004,Tab.10.1
Lessors of Residential Buildings...,2016Q4,0.004,Tab.10.1
Offices of Dentists,2016Q4,0.002,Tab.10.1
Real Estate Credit,2016Q4,0.006,Tab.10.1
Marketing Research and Public...,2016Q4,0.002,Tab.10.1
Supermarkets and Other Grocery...,2016Q4,0.005,Tab.10.1
Software Publishers,2017Q4,0.06,Tab.10.1
Computing Infrastructure...,2017Q4,0.023,Tab.10.1
Custom Computer Programming...,2017Q4,0.015,Tab.10.1
Insurance Agencies and Brokerages,2017Q4,0.011,Tab.10.1
Other Financial Vehicles,2017Q4,0.016,Tab.10.1
Computer Systems Design Services,2017Q4,0.008,Tab.10.1
"All Other Professional,...",2017Q4,0.008,Tab.10.1
Other Computer Related Services,2017Q4,0.009,Tab.10.1
Offices of Physicians,2017Q4,0.003,Tab.10.1
Lessors of Nonresidential Buildings,2017Q4,0.007,Tab.10.1
Engineering Services,2017Q4,0.003,Tab.10.1
Consumer Lending,2017Q4,0.008,Tab.10.1
Natural Gas Distribution,2017Q4,0.01,Tab.10.1
Full-Service Restaurants,2017Q4,0.005,Tab.10.1
Offices of Other Holding Companies,2017Q4,0.004,Tab.10.1
Home Health Care Services,2017Q4,0.003,Tab.10.1
Hotels and Motels,2017Q4,0.004,Tab.10.1
Commercial Banking,2017Q4,0.007,Tab.10.1
Other Activities Related to Real...,2017Q4,0.004,Tab.10.1
Lessors of Residential Buildings...,2017Q4,0.003,Tab.10.1
Offices of Dentists,2017Q4,0.003,Tab.10.1
Real Estate Credit,2017Q4,0.005,Tab.10.1
Marketing Research and Public...,2017Q4,0.002,Tab.10.1
Supermarkets and Other Grocery...,2017Q4,0.003,Tab.10.1
Software Publishers,2018Q4,0.08,Tab.10.1
Computing Infrastructure...,2018Q4,0.035,Tab.10.1
Custom Computer Programming...,2018Q4,0.018,Tab.10.1
Insurance Agencies and Brokerages,2018Q4,0.01,Tab.10.1
Other Financial Vehicles,2018Q4,0.013,Tab.10.1
Computer Systems Design Services,2018Q4,0.006,Tab.10.1
"All Other Professional,...",2018Q4,0.014,Tab.10.1
Other Computer Related Services,2018Q4,0.01,Tab.10.1
Offices of Physicians,2018Q4,0.003,Tab.10.1
Lessors of Nonresidential Buildings,2018Q4,0.006,Tab.10.1
Engineering Services,2018Q4,0.003,Tab.10.1
Consumer Lending,2018Q4,0.006,Tab.10.1
Natural Gas Distribution,2018Q4,0.01,Tab.10.1
Full-Service Restaurants,2018Q4,0.003,Tab.10.1
Offices of Other Holding Companies,2018Q4,0.005,Tab.10.1
Home Health Care Services,2018Q4,0.004,Tab.10.1
Hotels and Motels,2018Q4,0.002,Tab.10.1
Commercial Banking,2018Q4,0.003,Tab.10.1
Other Activities Related to Real...,2018Q4,0.003,Tab.10.1
Lessors of Residential Buildings...,2018Q4,0.003,Tab.10.1
Offices of Dentists,2018Q4,0.003,Tab.10.1
Real Estate Credit,2018Q4,0.004,Tab.10.1
Marketing Research and Public...,2018Q4,0.001,Tab.10.1
Supermarkets and Other Grocery...,2018Q4,0.003,Tab.10.1
Software Publishers,2019Q4,0.106,Tab.10.1
Computing Infrastructure...,2019Q4,0.042,Tab.10.1
Custom Computer Programming...,2019Q4,0.021,Tab.10.1
Insurance Agencies and Brokerages,2019Q4,0.011,Tab.10.1
Other Financial Vehicles,2019Q4,0.012,Tab.10.1
Computer Systems Design Services,2019Q4,0.006,Tab.10.1
"All Other Professional,...",2019Q4,0.014,Tab.10.1
Other Computer Related Services,2019Q4,0.008,Tab.10.1
Offices of Physicians,2019Q4,0.005,Tab.10.1
Lessors of Nonresidential Buildings,2019Q4,0.011,Tab.10.1
Engineering Services,2019Q4,0.003,Tab.10.1
Consumer Lending,2019Q4,0.006,Tab.10.1
Natural Gas Distribution,2019Q4,0.007,Tab.10.1
Full-Service Restaurants,2019Q4,0.004,Tab.10.1
Offices of Other Holding Companies,2019Q4,0.004,Tab.10.1
Home Health Care Services,2019Q4,0.005,Tab.10.1
Hotels and Motels,2019Q4,0.004,Tab.10.1
Commercial Banking,2019Q4,0.003,Tab.10.1
Other Activities Related to Real...,2019Q4,0.003,Tab.10.1
Lessors of Residential Buildings...,2019Q4,0.003,Tab.10.1
Offices of Dentists,2019Q4,0.003,Tab.10.1
Real Estate Credit,2019Q4,0.004,Tab.10.1
Marketing Research and Public...,2019Q4,0.002,Tab.10.1
Supermarkets and Other Grocery...,2019Q4,0.002,Tab.10.1
Software Publishers,2020Q4,0.097,Tab.10.1
Computing Infrastructure...,2020Q4,0.036,Tab.10.1
Custom Computer Programming...,2020Q4,0.019,Tab.10.1
Insurance Agencies and Brokerages,2020Q4,0.015,Tab.10.1
Other Financial Vehicles,2020Q4,0.018,Tab.10.1
Computer Systems Design Services,2020Q4,0.01,Tab.10.1
"All Other Professional,...",2020Q4,0.019,Tab.10.1
Other Computer Related Services,2020Q4,0.012,Tab.10.1
Offices of Physicians,2020Q4,0.005,Tab.10.1
Lessors of Nonresidential Buildings,2020Q4,0.006,Tab.10.1
Engineering Services,2020Q4,0.003,Tab.10.1
Consumer Lending,2020Q4,0.007,Tab.10.1
Natural Gas Distribution,2020Q4,0.008,Tab.10.1
Full-Service Restaurants,2020Q4,0.003,Tab.10.1
Offices of Other Holding Companies,2020Q4,0.004,Tab.10.1
Home Health Care Services,2020Q4,0.006,Tab.10.1
Hotels and Motels,2020Q4,0.004,Tab.10.1
Commercial Banking,2020Q4,0.004,Tab.10.1
Other Activities Related to Real...,2020Q4,0.003,Tab.10.1
Lessors of Residential Buildings...,2020Q4,0.002,Tab.10.1
Offices of Dentists,2020Q4,0.003,Tab.10.1
Real Estate Credit,2020Q4,0.004,Tab.10.1
Marketing Research and Public...,2020Q4,0.002,Tab.10.1
Supermarkets and Other Grocery...,2020Q4,0.002,Tab.10.1
Software Publishers,2021Q4,0.117,Tab.10.1
Computing Infrastructure...,2021Q4,0.034,Tab.10.1
Custom Computer Programming...,2021Q4,0.025,Tab.10.1
Insurance Agencies and Brokerages,2021Q4,0.017,Tab.10.1
Other Financial Vehicles,2021Q4,0.022,Tab.10.1
Computer Systems Design Services,2021Q4,0.016,Tab.10.1
"All Other Professional,...",2021Q4,0.013,Tab.10.1
Other Computer Related Services,2021Q4,0.015,Tab.10.1
Offices of Physicians,2021Q4,0.006,Tab.10.1
Lessors of Nonresidential Buildings,2021Q4,0.004,Tab.10.1
Engineering Services,2021Q4,0.004,Tab.10.1
Consumer Lending,2021Q4,0.006,Tab.10.1
Natural Gas Distribution,2021Q4,0.006,Tab.10.1
Full-Service Restaurants,2021Q4,0.002,Tab.10.1
Offices of Other Holding Companies,2021Q4,0.004,Tab.10.1
Home Health Care Services,2021Q4,0.004,Tab.10.1
Hotels and Motels,2021Q4,0.004,Tab.10.1
Commercial Banking,2021Q4,0.004,Tab.10.1
Other Activities Related to Real...,2021Q4,0.004,Tab.10.1
Lessors of Residential Buildings...,2021Q4,0.003,Tab.10.1
Offices of Dentists,2021Q4,0.003,Tab.10.1
Real Estate Credit,2021Q4,0.002,Tab.10.1
Marketing Research and Public...,2021Q4,0.002,Tab.10.1
Supermarkets and Other Grocery...,2021Q4,0.002,Tab.10.1
Software Publishers,2022Q4,0.12,Tab.10.1
Computing Infrastructure...,2022Q4,0.042,Tab.10.1
Custom Computer Programming...,2022Q4,0.028,Tab.10.1
Insurance Agencies and Brokerages,2022Q4,0.018,Tab.10.1
Other Financial Vehicles,2022Q4,0.029,Tab.10.1
Computer Systems Design Services,2022Q4,0.011,Tab.10.1
"All Other Professional,...",2022Q4,0.014,Tab.10.1
Other Computer Related Services,2022Q4,0.01,Tab.10.1
Offices of Physicians,2022Q4,0.007,Tab.10.1
Lessors of Nonresidential Buildings,2022Q4,0.005,Tab.10.1
Engineering Services,2022Q4,0.007,Tab.10.1
Consumer Lending,2022Q4,0.005,Tab.10.1
Natural Gas Distribution,2022Q4,0.006,Tab.10.1
Full-Service Restaurants,2022Q4,0.005,Tab.10.1
Offices of Other Holding Companies,2022Q4,0.004,Tab.10.1
Home Health Care Services,2022Q4,0.004,Tab.10.1
Hotels and Motels,2022Q4,0.005,Tab.10.1
Commercial Banking,2022Q4,0.005,Tab.10.1
Other Activities Related to Real...,2022Q4,0.006,Tab.10.1
Lessors of Residential Buildings...,2022Q4,0.002,Tab.10.1
Offices of Dentists,2022Q4,0.003,Tab.10.1
Real Estate Credit,2022Q4,0.001,Tab.10.1
Marketing Research and Public...,2022Q4,0.002,Tab.10.1
Supermarkets and Other Grocery...,2022Q4,0.002,Tab.10.1
Software Publishers,2023Q4,0.128,Tab.10.1
Computing Infrastructure...,2023Q4,0.039,Tab.10.1
Custom Computer Programming...,2023Q4,0.023,Tab.10.1
Insurance Agencies and Brokerages,2023Q4,0.022,Tab.10.1
Other Financial Vehicles,2023Q4,0.025,Tab.10.1
Computer Systems Design Services,2023Q4,0.012,Tab.10.1
"All Other Professional,...",2023Q4,0.012,Tab.10.1
Other Computer Related Services,2023Q4,0.01,Tab.10.1
Offices of Physicians,2023Q4,0.007,Tab.10.1
Lessors of Nonresidential Buildings,2023Q4,0.006,Tab.10.1
Engineering Services,2023Q4,0.005,Tab.10.1
Consumer Lending,2023Q4,0.006,Tab.10.1
Natural Gas Distribution,2023Q4,0.004,Tab.10.1
Full-Service Restaurants,2023Q4,0.005,Tab.10.1
Offices of Other Holding Companies,2023Q4,0.004,Tab.10.1
Home Health Care Services,2023Q4,0.003,Tab.10.1
Hotels and Motels,2023Q4,0.004,Tab.10.1
Commercial Banking,2023Q4,0.004,Tab.10.1
Other Activities Related to Real...,2023Q4,0.005,Tab.10.1
Lessors of Residential Buildings...,2023Q4,0.002,Tab.10.1
Offices of Dentists,2023Q4,0.002,Tab.10.1
Real Estate Credit,2023Q4,0.003,Tab.10.1
Marketing Research and Public...,2023Q4,0.002,Tab.10.1
Supermarkets and Other Grocery...,2023Q4,0.002,Tab.10.1
Software Publishers,2024Q4,0.134,Tab.10.1
Computing Infrastructure...,2024Q4,0.039,Tab.10.1
Custom Computer Programming...,2024Q4,0.025,Tab.10.1
Insurance Agencies and Brokerages,2024Q4,0.024,Tab.10.1
Other Financial Vehicles,2024Q4,0.017,Tab.10.1
Computer Systems Design Services,2024Q4,0.013,Tab.10.1
"All Other Professional,...",2024Q4,0.012,Tab.10.1
Other Computer Related Services,2024Q4,0.011,Tab.10.1
Offices of Physicians,2024Q4,0.008,Tab.10.1
Lessors of Nonresidential Buildings,2024Q4,0.007,Tab.10.1
Engineering Services,2024Q4,0.006,Tab.10.1
Consumer Lending,2024Q4,0.006,Tab.10.1
Natural Gas Distribution,2024Q4,0.005,Tab.10.1
Full-Service Restaurants,2024Q4,0.005,Tab.10.1
Offices of Other Holding Companies,2024Q4,0.004,Tab.10.1
Home Health Care Services,2024Q4,0.004,Tab.10.1
Hotels and Motels,2024Q4,0.004,Tab.10.1
Commercial Banking,2024Q4,0.004,Tab.10.1
Other Activities Related to Real...,2024Q4,0.004,Tab.10.1
Lessors of Residential Buildings...,2024Q4,0.003,Tab.10.1
Offices of Dentists,2024Q4,0.002,Tab.10.1
Real Estate Credit,2024Q4,0.002,Tab.10.1
Marketing Research and Public...,2024Q4,0.002,Tab.10.1
Supermarkets and Other Grocery...,2024Q4,0.002,Tab.10.1
Software Publishers,2013Q4,209.0,Tab.10.2
Computing Infrastructure...,2013Q4,173.0,Tab.10.2
Custom Computer Programming...,2013Q4,82.0,Tab.10.2
Insurance Agencies and Brokerages,2013Q4,93.0,Tab.10.2
Other Financial Vehicles,2013Q4,56.0,Tab.10.2
Computer Systems Design Services,2013Q4,62.0,Tab.10.2
"All Other Professional,...",2013Q4,73.0,Tab.10.2
Other Computer Related Services,2013Q4,63.0,Tab.10.2
Offices of Physicians,2013Q4,42.0,Tab.10.2
Lessors of Nonresidential Buildings,2013Q4,37.0,Tab.10.2
Engineering Services,2013Q4,46.0,Tab.10.2
Consumer Lending,2013Q4,53.0,Tab.10.2
Natural Gas Distribution,2013Q4,31.0,Tab.10.2
Full-Service Restaurants,2013Q4,68.0,Tab.10.2
Offices of Other Holding Companies,2013Q4,29.0,Tab.10.2
Home Health Care Services,2013Q4,58.0,Tab.10.2
Hotels and Motels,2013Q4,30.0,Tab.10.2
Commercial Banking,2013Q4,87.0,Tab.10.2
Other Activities Related to Real...,2013Q4,29.0,Tab.10.2
Lessors of Residential Buildings...,2013Q4,16.0,Tab.10.2
Offices of Dentists,2013Q4,22.0,Tab.10.2
Real Estate Credit,2013Q4,33.0,Tab.10.2
Marketing Research and Public...,2013Q4,19.0,Tab.10.2
Supermarkets and Other Grocery...,2013Q4,20.0,Tab.10.2
Software Publishers,2014Q4,247.0,Tab.10.2
Computing Infrastructure...,2014Q4,199.0,Tab.10.2
Custom Computer Programming...,2014Q4,98.0,Tab.10.2
Insurance Agencies and Brokerages,2014Q4,102.0,Tab.10.2
Other Financial Vehicles,2014Q4,52.0,Tab.10.2
Computer Systems Design Services,2014Q4,63.0,Tab.10.2
"All Other Professional,...",2014Q4,112.0,Tab.10.2
Other Computer Related Services,2014Q4,68.0,Tab.10.2
Offices of Physicians,2014Q4,54.0,Tab.10.2
Lessors of Nonresidential Buildings,2014Q4,38.0,Tab.10.2
Engineering Services,2014Q4,42.0,Tab.10.2
Consumer Lending,2014Q4,60.0,Tab.10.2
Natural Gas Distribution,2014Q4,29.0,Tab.10.2
Full-Service Restaurants,2014Q4,78.0,Tab.10.2
Offices of Other Holding Companies,2014Q4,22.0,Tab.10.2
Home Health Care Services,2014Q4,52.0,Tab.10.2
Hotels and Motels,2014Q4,46.0,Tab.10.2
Commercial Banking,2014Q4,83.0,Tab.10.2
Other Activities Related to Real...,2014Q4,36.0,Tab.10.2
Lessors of Residential Buildings...,2014Q4,20.0,Tab.10.2
Offices of Dentists,2014Q4,29.0,Tab.10.2
Real Estate Credit,2014Q4,32.0,Tab.10.2
Marketing Research and Public...,2014Q4,22.0,Tab.10.2
Supermarkets and Other Grocery...,2014Q4,42.0,Tab.10.2
Software Publishers,2015Q4,315.0,Tab.10.2
Computing Infrastructure...,2015Q4,229.0,Tab.10.2
Custom Computer Programming...,2015Q4,130.0,Tab.10.2
Insurance Agencies and Brokerages,2015Q4,110.0,Tab.10.2
Other Financial Vehicles,2015Q4,67.0,Tab.10.2
Computer Systems Design Services,2015Q4,90.0,Tab.10.2
"All Other Professional,...",2015Q4,123.0,Tab.10.2
Other Computer Related Services,2015Q4,93.0,Tab.10.2
Offices of Physicians,2015Q4,64.0,Tab.10.2
Lessors of Nonresidential Buildings,2015Q4,44.0,Tab.10.2
Engineering Services,2015Q4,55.0,Tab.10.2
Consumer Lending,2015Q4,92.0,Tab.10.2
Natural Gas Distribution,2015Q4,33.0,Tab.10.2
Full-Service Restaurants,2015Q4,102.0,Tab.10.2
Offices of Other Holding Companies,2015Q4,28.0,Tab.10.2
Home Health Care Services,2015Q4,58.0,Tab.10.2
Hotels and Motels,2015Q4,55.0,Tab.10.2
Commercial Banking,2015Q4,75.0,Tab.10.2
Other Activities Related to Real...,2015Q4,33.0,Tab.10.2
Lessors of Residential Buildings...,2015Q4,25.0,Tab.10.2
Offices of Dentists,2015Q4,34.0,Tab.10.2
Real Estate Credit,2015Q4,31.0,Tab.10.2
Marketing Research and Public...,2015Q4,21.0,Tab.10.2
Supermarkets and Other Grocery...,2015Q4,32.0,Tab.10.2
Software Publishers,2016Q4,319.0,Tab.10.2
Computing Infrastructure...,2016Q4,257.0,Tab.10.2
Custom Computer Programming...,2016Q4,148.0,Tab.10.2
Insurance Agencies and Brokerages,2016Q4,136.0,Tab.10.2
Other Financial Vehicles,2016Q4,123.0,Tab.10.2
Computer Systems Design Services,2016Q4,111.0,Tab.10.2
"All Other Professional,...",2016Q4,157.0,Tab.10.2
Other Computer Related Services,2016Q4,127.0,Tab.10.2
Offices of Physicians,2016Q4,78.0,Tab.10.2
Lessors of Nonresidential Buildings,2016Q4,38.0,Tab.10.2
Engineering Services,2016Q4,52.0,Tab.10.2
Consumer Lending,2016Q4,112.0,Tab.10.2
Natural Gas Distribution,2016Q4,33.0,Tab.10.2
Full-Service Restaurants,2016Q4,114.0,Tab.10.2
Offices of Other Holding Companies,2016Q4,59.0,Tab.10.2
Home Health Care Services,2016Q4,55.0,Tab.10.2
Hotels and Motels,2016Q4,79.0,Tab.10.2
Commercial Banking,2016Q4,78.0,Tab.10.2
Other Activities Related to Real...,2016Q4,43.0,Tab.10.2
Lessors of Residential Buildings...,2016Q4,28.0,Tab.10.2
Offices of Dentists,2016Q4,38.0,Tab.10.2
Real Estate Credit,2016Q4,38.0,Tab.10.2
Marketing Research and Public...,2016Q4,28.0,Tab.10.2
Supermarkets and Other Grocery...,2016Q4,41.0,Tab.10.2
Software Publishers,2017Q4,408.0,Tab.10.2
Computing Infrastructure...,2017Q4,328.0,Tab.10.2
Custom Computer Programming...,2017Q4,153.0,Tab.10.2
Insurance Agencies and Brokerages,2017Q4,163.0,Tab.10.2
Other Financial Vehicles,2017Q4,154.0,Tab.10.2
Computer Systems Design Services,2017Q4,140.0,Tab.10.2
"All Other Professional,...",2017Q4,159.0,Tab.10.2
Other Computer Related Services,2017Q4,138.0,Tab.10.2
Offices of Physicians,2017Q4,114.0,Tab.10.2
Lessors of Nonresidential Buildings,2017Q4,34.0,Tab.10.2
Engineering Services,2017Q4,75.0,Tab.10.2
Consumer Lending,2017Q4,109.0,Tab.10.2
Natural Gas Distribution,2017Q4,46.0,Tab.10.2
Full-Service Restaurants,2017Q4,98.0,Tab.10.2
Offices of Other Holding Companies,2017Q4,61.0,Tab.10.2
Home Health Care Services,2017Q4,78.0,Tab.10.2
Hotels and Motels,2017Q4,64.0,Tab.10.2
Commercial Banking,2017Q4,87.0,Tab.10.2
Other Activities Related to Real...,2017Q4,53.0,Tab.10.2
Lessors of Residential Buildings...,2017Q4,22.0,Tab.10.2
Offices of Dentists,2017Q4,60.0,Tab.10.2
Real Estate Credit,2017Q4,29.0,Tab.10.2
Marketing Research and Public...,2017Q4,29.0,Tab.10.2
Supermarkets and Other Grocery...,2017Q4,47.0,Tab.10.2
Software Publishers,2018Q4,510.0,Tab.10.2
Computing Infrastructure...,2018Q4,423.0,Tab.10.2
Custom Computer Programming...,2018Q4,275.0,Tab.10.2
Insurance Agencies and Brokerages,2018Q4,204.0,Tab.10.2
Other Financial Vehicles,2018Q4,196.0,Tab.10.2
Computer Systems Design Services,2018Q4,147.0,Tab.10.2
"All Other Professional,...",2018Q4,213.0,Tab.10.2
Other Computer Related Services,2018Q4,213.0,Tab.10.2
Offices of Physicians,2018Q4,177.0,Tab.10.2
Lessors of Nonresidential Buildings,2018Q4,38.0,Tab.10.2
Engineering Services,2018Q4,64.0,Tab.10.2
Consumer Lending,2018Q4,116.0,Tab.10.2
Natural Gas Distribution,2018Q4,95.0,Tab.10.2
Full-Service Restaurants,2018Q4,146.0,Tab.10.2
Offices of Other Holding Companies,2018Q4,73.0,Tab.10.2
Home Health Care Services,2018Q4,124.0,Tab.10.2
Hotels and Motels,2018Q4,69.0,Tab.10.2
Commercial Banking,2018Q4,88.0,Tab.10.2
Other Activities Related to Real...,2018Q4,122.0,Tab.10.2
Lessors of Residential Buildings...,2018Q4,17.0,Tab.10.2
Offices of Dentists,2018Q4,77.0,Tab.10.2
Real Estate Credit,2018Q4,50.0,Tab.10.2
Marketing Research and Public...,2018Q4,43.0,Tab.10.2
Supermarkets and Other Grocery...,2018Q4,51.0,Tab.10.2
Software Publishers,2019Q4,606.0,Tab.10.2
Computing Infrastructure...,2019Q4,454.0,Tab.10.2
Custom Computer Programming...,2019Q4,360.0,Tab.10.2
Insurance Agencies and Brokerages,2019Q4,260.0,Tab.10.2
Other Financial Vehicles,2019Q4,262.0,Tab.10.2
Computer Systems Design Services,2019Q4,146.0,Tab.10.2
"All Other Professional,...",2019Q4,238.0,Tab.10.2
Other Computer Related Services,2019Q4,228.0,Tab.10.2
Offices of Physicians,2019Q4,204.0,Tab.10.2
Lessors of Nonresidential Buildings,2019Q4,50.0,Tab.10.2
Engineering Services,2019Q4,68.0,Tab.10.2
Consumer Lending,2019Q4,142.0,Tab.10.2
Natural Gas Distribution,2019Q4,43.0,Tab.10.2
Full-Service Restaurants,2019Q4,177.0,Tab.10.2
Offices of Other Holding Companies,2019Q4,67.0,Tab.10.2
Home Health Care Services,2019Q4,118.0,Tab.10.2
Hotels and Motels,2019Q4,82.0,Tab.10.2
Commercial Banking,2019Q4,100.0,Tab.10.2
Other Activities Related to Real...,2019Q4,133.0,Tab.10.2
Lessors of Residential Buildings...,2019Q4,24.0,Tab.10.2
Offices of Dentists,2019Q4,80.0,Tab.10.2
Real Estate Credit,2019Q4,50.0,Tab.10.2
Marketing Research and Public...,2019Q4,53.0,Tab.10.2
Supermarkets and Other Grocery...,2019Q4,34.0,Tab.10.2
Software Publishers,2020Q4,731.0,Tab.10.2
Computing Infrastructure...,2020Q4,493.0,Tab.10.2
Custom Computer Programming...,2020Q4,428.0,Tab.10.2
Insurance Agencies and Brokerages,2020Q4,336.0,Tab.10.2
Other Financial Vehicles,2020Q4,266.0,Tab.10.2
Computer Systems Design Services,2020Q4,193.0,Tab.10.2
"All Other Professional,...",2020Q4,276.0,Tab.10.2
Other Computer Related Services,2020Q4,229.0,Tab.10.2
Offices of Physicians,2020Q4,198.0,Tab.10.2
Lessors of Nonresidential Buildings,2020Q4,45.0,Tab.10.2
Engineering Services,2020Q4,77.0,Tab.10.2
Consumer Lending,2020Q4,143.0,Tab.10.2
Natural Gas Distribution,2020Q4,39.0,Tab.10.2
Full-Service Restaurants,2020Q4,122.0,Tab.10.2
Offices of Other Holding Companies,2020Q4,94.0,Tab.10.2
Home Health Care Services,2020Q4,173.0,Tab.10.2
Hotels and Motels,2020Q4,77.0,Tab.10.2
Commercial Banking,2020Q4,84.0,Tab.10.2
Other Activities Related to Real...,2020Q4,92.0,Tab.10.2
Lessors of Residential Buildings...,2020Q4,35.0,Tab.10.2
Offices of Dentists,2020Q4,112.0,Tab.10.2
Real Estate Credit,2020Q4,42.0,Tab.10.2
Marketing Research and Public...,2020Q4,63.0,Tab.10.2
Supermarkets and Other Grocery...,2020Q4,57.0,Tab.10.2
Software Publishers,2021Q4,1101.0,Tab.10.2
Computing Infrastructure...,2021Q4,579.0,Tab.10.2
Custom Computer Programming...,2021Q4,610.0,Tab.10.2
Insurance Agencies and Brokerages,2021Q4,388.0,Tab.10.2
Other Financial Vehicles,2021Q4,352.0,Tab.10.2
Computer Systems Design Services,2021Q4,282.0,Tab.10.2
"All Other Professional,...",2021Q4,297.0,Tab.10.2
Other Computer Related Services,2021Q4,353.0,Tab.10.2
Offices of Physicians,2021Q4,283.0,Tab.10.2
Lessors of Nonresidential Buildings,2021Q4,24.0,Tab.10.2
Engineering Services,2021Q4,137.0,Tab.10.2
Consumer Lending,2021Q4,166.0,Tab.10.2
Natural Gas Distribution,2021Q4,50.0,Tab.10.2
Full-Service Restaurants,2021Q4,166.0,Tab.10.2
Offices of Other Holding Companies,2021Q4,126.0,Tab.10.2
Home Health Care Services,2021Q4,216.0,Tab.10.2
Hotels and Motels,2021Q4,80.0,Tab.10.2
Commercial Banking,2021Q4,106.0,Tab.10.2
Other Activities Related to Real...,2021Q4,151.0,Tab.10.2
Lessors of Residential Buildings...,2021Q4,54.0,Tab.10.2
Offices of Dentists,2021Q4,138.0,Tab.10.2
Real Estate Credit,2021Q4,45.0,Tab.10.2
Marketing Research and Public...,2021Q4,58.0,Tab.10.2
Supermarkets and Other Grocery...,2021Q4,79.0,Tab.10.2
Software Publishers,2022Q4,1277.0,Tab.10.2
Computing Infrastructure...,2022Q4,846.0,Tab.10.2
Custom Computer Programming...,2022Q4,766.0,Tab.10.2
Insurance Agencies and Brokerages,2022Q4,480.0,Tab.10.2
Other Financial Vehicles,2022Q4,436.0,Tab.10.2
Computer Systems Design Services,2022Q4,320.0,Tab.10.2
"All Other Professional,...",2022Q4,383.0,Tab.10.2
Other Computer Related Services,2022Q4,360.0,Tab.10.2
Offices of Physicians,2022Q4,349.0,Tab.10.2
Lessors of Nonresidential Buildings,2022Q4,40.0,Tab.10.2
Engineering Services,2022Q4,186.0,Tab.10.2
Consumer Lending,2022Q4,174.0,Tab.10.2
Natural Gas Distribution,2022Q4,69.0,Tab.10.2
Full-Service Restaurants,2022Q4,174.0,Tab.10.2
Offices of Other Holding Companies,2022Q4,150.0,Tab.10.2
Home Health Care Services,2022Q4,268.0,Tab.10.2
Hotels and Motels,2022Q4,117.0,Tab.10.2
Commercial Banking,2022Q4,115.0,Tab.10.2
Other Activities Related to Real...,2022Q4,221.0,Tab.10.2
Lessors of Residential Buildings...,2022Q4,56.0,Tab.10.2
Offices of Dentists,2022Q4,157.0,Tab.10.2
Real Estate Credit,2022Q4,46.0,Tab.10.2
Marketing Research and Public...,2022Q4,66.0,Tab.10.2
Supermarkets and Other Grocery...,2022Q4,113.0,Tab.10.2
Software Publishers,2023Q4,1430.0,Tab.10.2
Computing Infrastructure...,2023Q4,935.0,Tab.10.2
Custom Computer Programming...,2023Q4,807.0,Tab.10.2
Insurance Agencies and Brokerages,2023Q4,578.0,Tab.10.2
Other Financial Vehicles,2023Q4,467.0,Tab.10.2
Computer Systems Design Services,2023Q4,379.0,Tab.10.2
"All Other Professional,...",2023Q4,439.0,Tab.10.2
Other Computer Related Services,2023Q4,388.0,Tab.10.2
Offices of Physicians,2023Q4,369.0,Tab.10.2
Lessors of Nonresidential Buildings,2023Q4,70.0,Tab.10.2
Engineering Services,2023Q4,227.0,Tab.10.2
Consumer Lending,2023Q4,221.0,Tab.10.2
Natural Gas Distribution,2023Q4,64.0,Tab.10.2
Full-Service Restaurants,2023Q4,184.0,Tab.10.2
Offices of Other Holding Companies,2023Q4,147.0,Tab.10.2
Home Health Care Services,2023Q4,261.0,Tab.10.2
Hotels and Motels,2023Q4,134.0,Tab.10.2
Commercial Banking,2023Q4,132.0,Tab.10.2
Other Activities Related to Real...,2023Q4,190.0,Tab.10.2
Lessors of Residential Buildings...,2023Q4,51.0,Tab.10.2
Offices of Dentists,2023Q4,177.0,Tab.10.2
Real Estate Credit,2023Q4,67.0,Tab.10.2
Marketing Research and Public...,2023Q4,80.0,Tab.10.2
Supermarkets and Other Grocery...,2023Q4,140.0,Tab.10.2
Software Publishers,2024Q4,1685.0,Tab.10.2
Computing Infrastructure...,2024Q4,1078.0,Tab.10.2
Custom Computer Programming...,2024Q4,886.0,Tab.10.2
Insurance Agencies and Brokerages,2024Q4,619.0,Tab.10.2
Other Financial Vehicles,2024Q4,454.0,Tab.10.2
Computer Systems Design Services,2024Q4,473.0,Tab.10.2
"All Other Professional,...",2024Q4,442.0,Tab.10.2
Other Computer Related Services,2024Q4,450.0,Tab.10.2
Offices of Physicians,2024Q4,386.0,Tab.10.2
Lessors of Nonresidential Buildings,2024Q4,90.0,Tab.10.2
Engineering Services,2024Q4,278.0,Tab.10.2
Consumer Lending,2024Q4,246.0,Tab.10.2
Natural Gas Distribution,2024Q4,121.0,Tab.10.2
Full-Service Restaurants,2024Q4,146.0,Tab.10.2
Offices of Other Holding Companies,2024Q4,168.0,Tab.10.2
Home Health Care Services,2024Q4,287.0,Tab.10.2
Hotels and Motels,2024Q4,120.0,Tab.10.2
Commercial Banking,2024Q4,133.0,Tab.10.2
Other Activities Related to Real...,2024Q4,210.0,Tab.10.2
Lessors of Residential Buildings...,2024Q4,71.0,Tab.10.2
Offices of Dentists,2024Q4,215.0,Tab.10.2
Real Estate Credit,2024Q4,79.0,Tab.10.2
Marketing Research and Public...,2024Q4,95.0,Tab.10.2
Supermarkets and Other Grocery...,2024Q4,124.0,Tab.10.2
25th Percentile,2013Q4,0.018,Tab.10.3
Median,2013Q4,0.057,Tab.10.3
75th Percentile,2013Q4,0.196,Tab.10.3
90th Percentile,2013Q4,0.49,Tab.10.3
Mean,2013Q4,0.17,Tab.10.3
25th Percentile,2014Q4,0.014,Tab.10.3
Median,2014Q4,0.053,Tab.10.3
75th Percentile,2014Q4,0.179,Tab.10.3
90th Percentile,2014Q4,0.5,Tab.10.3
Mean,2014Q4,0.162,Tab.10.3
25th Percentile,2015Q4,0.017,Tab.10.3
Median,2015Q4,0.06,Tab.10.3
75th Percentile,2015Q4,0.2,Tab.10.3
90th Percentile,2015Q4,0.499,Tab.10.3
Mean,2015Q4,0.167,Tab.10.3
25th Percentile,2016Q4,0.019,Tab.10.3
Median,2016Q4,0.069,Tab.10.3
75th Percentile,2016Q4,0.207,Tab.10.3
90th Percentile,2016Q4,0.543,Tab.10.3
Mean,2016Q4,0.175,Tab.10.3
25th Percentile,2017Q4,0.021,Tab.10.3
Median,2017Q4,0.073,Tab.10.3
75th Percentile,2017Q4,0.215,Tab.10.3
90th Percentile,2017Q4,0.518,Tab.10.3
Mean,2017Q4,0.177,Tab.10.3
25th Percentile,2018Q4,0.015,Tab.10.3
Median,2018Q4,0.06,Tab.10.3
75th Percentile,2018Q4,0.178,Tab.10.3
90th Percentile,2018Q4,0.493,Tab.10.3
Mean,2018Q4,0.153,Tab.10.3
25th Percentile,2019Q4,0.013,Tab.10.3
Median,2019Q4,0.052,Tab.10.3
75th Percentile,2019Q4,0.168,Tab.10.3
90th Percentile,2019Q4,0.488,Tab.10.3
Mean,2019Q4,0.155,Tab.10.3
25th Percentile,2020Q4,0.014,Tab.10.3
Median,2020Q4,0.06,Tab.10.3
75th Percentile,2020Q4,0.182,Tab.10.3
90th Percentile,2020Q4,0.469,Tab.10.3
Mean,2020Q4,0.16,Tab.10.3
25th Percentile,2021Q4,0.011,Tab.10.3
Median,2021Q4,0.046,Tab.10.3
75th Percentile,2021Q4,0.167,Tab.10.3
90th Percentile,2021Q4,0.425,Tab.10.3
Mean,2021Q4,0.147,Tab.10.3
25th Percentile,2022Q4,0.013,Tab.10.3
Median,2022Q4,0.054,Tab.10.3
75th Percentile,2022Q4,0.182,Tab.10.3
90th Percentile,2022Q4,0.48,Tab.10.3
Mean,2022Q4,0.157,Tab.10.3
25th Percentile,2023Q4,0.014,Tab.10.3
Median,2023Q4,0.053,Tab.10.3
75th Percentile,2023Q4,0.169,Tab.10.3
90th Percentile,2023Q4,0.396,Tab.10.3
Mean,2023Q4,0.143,Tab.10.3
25th Percentile,2024Q4,0.012,Tab.10.3
Median,2024Q4,0.047,Tab.10.3
75th Percentile,2024Q4,0.166,Tab.10.3
90th Percentile,2024Q4,0.429,Tab.10.3
Mean,2024Q4,0.149,Tab.10.3
25th Percentile,2013Q4,0.04,Tab.10.4
Median,2013Q4,0.09,Tab.10.4
75th Percentile,2013Q4,0.18,Tab.10.4
90th Percentile,2013Q4,0.33,Tab.10.4
Mean,2013Q4,0.148,Tab.10.4
25th Percentile,2014Q4,0.03,Tab.10.4
Median,2014Q4,0.08,Tab.10.4
75th Percentile,2014Q4,0.22,Tab.10.4
90th Percentile,2014Q4,0.4,Tab.10.4
Mean,2014Q4,0.168,Tab.10.4
25th Percentile,2015Q4,0.04,Tab.10.4
Median,2015Q4,0.09,Tab.10.4
75th Percentile,2015Q4,0.22,Tab.10.4
90th Percentile,2015Q4,0.48,Tab.10.4
Mean,2015Q4,0.183,Tab.10.4
25th Percentile,2016Q4,0.04,Tab.10.4
Median,2016Q4,0.09,Tab.10.4
75th Percentile,2016Q4,0.22,Tab.10.4
90th Percentile,2016Q4,0.486,Tab.10.4
Mean,2016Q4,0.186,Tab.10.4
25th Percentile,2017Q4,0.03,Tab.10.4
Median,2017Q4,0.08,Tab.10.4
75th Percentile,2017Q4,0.17,Tab.10.4
90th Percentile,2017Q4,0.42,Tab.10.4
Mean,2017Q4,0.165,Tab.10.4
25th Percentile,2018Q4,0.03,Tab.10.4
Median,2018Q4,0.09,Tab.10.4
75th Percentile,2018Q4,0.222,Tab.10.4
90th Percentile,2018Q4,0.57,Tab.10.4
Mean,2018Q4,0.195,Tab.10.4
25th Percentile,2019Q4,0.04,Tab.10.4
Median,2019Q4,0.11,Tab.10.4
75th Percentile,2019Q4,0.27,Tab.10.4
90th Percentile,2019Q4,0.614,Tab.10.4
Mean,2019Q4,0.218,Tab.10.4
25th Percentile,2020Q4,0.04,Tab.10.4
Median,2020Q4,0.11,Tab.10.4
75th Percentile,2020Q4,0.32,Tab.10.4
90th Percentile,2020Q4,0.65,Tab.10.4
Mean,2020Q4,0.231,Tab.10.4
25th Percentile,2021Q4,0.04,Tab.10.4
Median,2021Q4,0.09,Tab.10.4
75th Percentile,2021Q4,0.31,Tab.10.4
90th Percentile,2021Q4,0.88,Tab.10.4
Mean,2021Q4,0.242,Tab.10.4
25th Percentile,2022Q4,0.04,Tab.10.4
Median,2022Q4,0.11,Tab.10.4
75th Percentile,2022Q4,0.3,Tab.10.4
90th Percentile,2022Q4,0.66,Tab.10.4
Mean,2022Q4,0.228,Tab.10.4
25th Percentile,2023Q4,0.04,Tab.10.4
Median,2023Q4,0.11,Tab.10.4
75th Percentile,2023Q4,0.26,Tab.10.4
90th Percentile,2023Q4,0.61,Tab.10.4
Mean,2023Q4,0.211,Tab.10.4
25th Percentile,2024Q4,0.04,Tab.10.4
Median,2024Q4,0.1,Tab.10.4
75th Percentile,2024Q4,0.25,Tab.10.4
90th Percentile,2024Q4,0.658,Tab.10.4
Mean,2024Q4,0.211,Tab.10.4
Weighted Average,2013Q4,94.0,Tab.10.5
Weighted Average,2013Q4,1342.0,Tab.10.5
Weighted Average,2013Q4,345.0,Tab.10.5
Weighted Average,2013Q4,258.0,Tab.10.5
Weighted Average,2013Q4,193.0,Tab.10.5
High,2013Q4,0.0,Tab.10.5
High,2013Q4,1223.0,Tab.10.5
High,2013Q4,322.0,Tab.10.5
High,2013Q4,333.0,Tab.10.5
High,2013Q4,354.0,Tab.10.5
Low,2013Q4,153.0,Tab.10.5
Low,2013Q4,1639.0,Tab.10.5
Low,2013Q4,185.0,Tab.10.5
Low,2013Q4,142.0,Tab.10.5
Low,2013Q4,113.0,Tab.10.5
Weighted Average,2014Q4,100.0,Tab.10.5
Weighted Average,2014Q4,1474.0,Tab.10.5
Weighted Average,2014Q4,347.0,Tab.10.5
Weighted Average,2014Q4,293.0,Tab.10.5
Weighted Average,2014Q4,201.0,Tab.10.5
High,2014Q4,0.0,Tab.10.5
High,2014Q4,1371.0,Tab.10.5
High,2014Q4,282.0,Tab.10.5
High,2014Q4,358.0,Tab.10.5
High,2014Q4,404.0,Tab.10.5
Low,2014Q4,213.0,Tab.10.5
Low,2014Q4,1746.0,Tab.10.5
Low,2014Q4,198.0,Tab.10.5
Low,2014Q4,136.0,Tab.10.5
Low,2014Q4,122.0,Tab.10.5
Weighted Average,2015Q4,123.0,Tab.10.5
Weighted Average,2015Q4,1744.0,Tab.10.5
Weighted Average,2015Q4,365.0,Tab.10.5
Weighted Average,2015Q4,263.0,Tab.10.5
Weighted Average,2015Q4,246.0,Tab.10.5
High,2015Q4,0.0,Tab.10.5
High,2015Q4,1653.0,Tab.10.5
High,2015Q4,336.0,Tab.10.5
High,2015Q4,332.0,Tab.10.5
High,2015Q4,420.0,Tab.10.5
Low,2015Q4,217.0,Tab.10.5
Low,2015Q4,2065.0,Tab.10.5
Low,2015Q4,190.0,Tab.10.5
Low,2015Q4,129.0,Tab.10.5
Low,2015Q4,140.0,Tab.10.5
Weighted Average,2016Q4,119.0,Tab.10.5
Weighted Average,2016Q4,2015.0,Tab.10.5
Weighted Average,2016Q4,371.0,Tab.10.5
Weighted Average,2016Q4,247.0,Tab.10.5
Weighted Average,2016Q4,249.0,Tab.10.5
High,2016Q4,0.0,Tab.10.5
High,2016Q4,1891.0,Tab.10.5
High,2016Q4,349.0,Tab.10.5
High,2016Q4,332.0,Tab.10.5
High,2016Q4,429.0,Tab.10.5
Low,2016Q4,216.0,Tab.10.5
Low,2016Q4,2329.0,Tab.10.5
Low,2016Q4,196.0,Tab.10.5
Low,2016Q4,120.0,Tab.10.5
Low,2016Q4,140.0,Tab.10.5
Weighted Average,2017Q4,144.0,Tab.10.5
Weighted Average,2017Q4,2352.0,Tab.10.5
Weighted Average,2017Q4,449.0,Tab.10.5
Weighted Average,2017Q4,259.0,Tab.10.5
Weighted Average,2017Q4,278.0,Tab.10.5
High,2017Q4,0.0,Tab.10.5
High,2017Q4,2209.0,Tab.10.5
High,2017Q4,432.0,Tab.10.5
High,2017Q4,380.0,Tab.10.5
High,2017Q4,461.0,Tab.10.5
Low,2017Q4,249.0,Tab.10.5
Low,2017Q4,2692.0,Tab.10.5
Low,2017Q4,238.0,Tab.10.5
Low,2017Q4,134.0,Tab.10.5
Low,2017Q4,169.0,Tab.10.5
Weighted Average,2018Q4,153.0,Tab.10.5
Weighted Average,2018Q4,2635.0,Tab.10.5
Weighted Average,2018Q4,523.0,Tab.10.5
Weighted Average,2018Q4,345.0,Tab.10.5
Weighted Average,2018Q4,280.0,Tab.10.5
High,2018Q4,0.0,Tab.10.5
High,2018Q4,2516.0,Tab.10.5
High,2018Q4,465.0,Tab.10.5
High,2018Q4,459.0,Tab.10.5
High,2018Q4,496.0,Tab.10.5
Low,2018Q4,271.0,Tab.10.5
Low,2018Q4,3060.0,Tab.10.5
Low,2018Q4,251.0,Tab.10.5
Low,2018Q4,189.0,Tab.10.5
Low,2018Q4,165.0,Tab.10.5
Weighted Average,2019Q4,143.0,Tab.10.5
Weighted Average,2019Q4,2925.0,Tab.10.5
Weighted Average,2019Q4,592.0,Tab.10.5
Weighted Average,2019Q4,409.0,Tab.10.5
Weighted Average,2019Q4,325.0,Tab.10.5
High,2019Q4,0.0,Tab.10.5
High,2019Q4,2777.0,Tab.10.5
High,2019Q4,489.0,Tab.10.5
High,2019Q4,550.0,Tab.10.5
High,2019Q4,578.0,Tab.10.5
Low,2019Q4,272.0,Tab.10.5
Low,2019Q4,3428.0,Tab.10.5
Low,2019Q4,311.0,Tab.10.5
Low,2019Q4,199.0,Tab.10.5
Low,2019Q4,184.0,Tab.10.5
Weighted Average,2020Q4,189.0,Tab.10.5
Weighted Average,2020Q4,3686.0,Tab.10.5
Weighted Average,2020Q4,596.0,Tab.10.5
Weighted Average,2020Q4,422.0,Tab.10.5
Weighted Average,2020Q4,381.0,Tab.10.5
High,2020Q4,0.0,Tab.10.5
High,2020Q4,3471.0,Tab.10.5
High,2020Q4,575.0,Tab.10.5
High,2020Q4,598.0,Tab.10.5
High,2020Q4,630.0,Tab.10.5
Low,2020Q4,351.0,Tab.10.5
Low,2020Q4,4171.0,Tab.10.5
Low,2020Q4,325.0,Tab.10.5
Low,2020Q4,237.0,Tab.10.5
Low,2020Q4,190.0,Tab.10.5
Weighted Average,2021Q4,258.0,Tab.10.5
Weighted Average,2021Q4,4725.0,Tab.10.5
Weighted Average,2021Q4,670.0,Tab.10.5
Weighted Average,2021Q4,481.0,Tab.10.5
Weighted Average,2021Q4,430.0,Tab.10.5
High,2021Q4,0.0,Tab.10.5
High,2021Q4,4513.0,Tab.10.5
High,2021Q4,688.0,Tab.10.5
High,2021Q4,620.0,Tab.10.5
High,2021Q4,743.0,Tab.10.5
Low,2021Q4,492.0,Tab.10.5
Low,2021Q4,5224.0,Tab.10.5
Low,2021Q4,360.0,Tab.10.5
Low,2021Q4,239.0,Tab.10.5
Low,2021Q4,249.0,Tab.10.5
Weighted Average,2022Q4,240.0,Tab.10.5
Weighted Average,2022Q4,5382.0,Tab.10.5
Weighted Average,2022Q4,753.0,Tab.10.5
Weighted Average,2022Q4,615.0,Tab.10.5
Weighted Average,2022Q4,516.0,Tab.10.5
High,2022Q4,0.0,Tab.10.5
High,2022Q4,5141.0,Tab.10.5
High,2022Q4,709.0,Tab.10.5
High,2022Q4,784.0,Tab.10.5
High,2022Q4,872.0,Tab.10.5
Low,2022Q4,515.0,Tab.10.5
Low,2022Q4,5961.0,Tab.10.5
Low,2022Q4,423.0,Tab.10.5
Low,2022Q4,290.0,Tab.10.5
Low,2022Q4,317.0,Tab.10.5
Weighted Average,2023Q4,329.0,Tab.10.5
Weighted Average,2023Q4,6195.0,Tab.10.5
Weighted Average,2023Q4,853.0,Tab.10.5
Weighted Average,2023Q4,607.0,Tab.10.5
Weighted Average,2023Q4,590.0,Tab.10.5
High,2023Q4,0.0,Tab.10.5
High,2023Q4,5898.0,Tab.10.5
High,2023Q4,831.0,Tab.10.5
High,2023Q4,814.0,Tab.10.5
High,2023Q4,1031.0,Tab.10.5
Low,2023Q4,631.0,Tab.10.5
Low,2023Q4,6761.0,Tab.10.5
Low,2023Q4,461.0,Tab.10.5
Low,2023Q4,340.0,Tab.10.5
Low,2023Q4,381.0,Tab.10.5
Weighted Average,2024Q4,436.0,Tab.10.5
Weighted Average,2024Q4,7372.0,Tab.10.5
Weighted Average,2024Q4,913.0,Tab.10.5
Weighted Average,2024Q4,642.0,Tab.10.5
Weighted Average,2024Q4,627.0,Tab.10.5
High,2024Q4,0.0,Tab.10.5
High,2024Q4,7060.0,Tab.10.5
High,2024Q4,954.0,Tab.10.5
High,2024Q4,880.0,Tab.10.5
High,2024Q4,1096.0,Tab.10.5
Low,2024Q4,815.0,Tab.10.5
Low,2024Q4,7942.0,Tab.10.5
Low,2024Q4,522.0,Tab.10.5
Low,2024Q4,316.0,Tab.10.5
Low,2024Q4,395.0,Tab.10.5
Weighted Average,2013Q4,1178.0,Tab.10.6
Weighted Average,2013Q4,1523.0,Tab.10.6
Weighted Average,2013Q4,1373.0,Tab.10.6
Weighted Average,2013Q4,1542.0,Tab.10.6
Weighted Average,2013Q4,1704.0,Tab.10.6
High,2013Q4,0.0,Tab.10.6
High,2013Q4,924.0,Tab.10.6
High,2013Q4,966.0,Tab.10.6
High,2013Q4,1637.0,Tab.10.6
High,2013Q4,3795.0,Tab.10.6
Low,2013Q4,1533.0,Tab.10.6
Low,2013Q4,4396.0,Tab.10.6
Low,2013Q4,426.0,Tab.10.6
Low,2013Q4,630.0,Tab.10.6
Low,2013Q4,337.0,Tab.10.6
Weighted Average,2014Q4,451.0,Tab.10.6
Weighted Average,2014Q4,1817.0,Tab.10.6
Weighted Average,2014Q4,1512.0,Tab.10.6
Weighted Average,2014Q4,1585.0,Tab.10.6
Weighted Average,2014Q4,1054.0,Tab.10.6
High,2014Q4,0.0,Tab.10.6
High,2014Q4,870.0,Tab.10.6
High,2014Q4,609.0,Tab.10.6
High,2014Q4,1915.0,Tab.10.6
High,2014Q4,3023.0,Tab.10.6
Low,2014Q4,1498.0,Tab.10.6
Low,2014Q4,3847.0,Tab.10.6
Low,2014Q4,350.0,Tab.10.6
Low,2014Q4,509.0,Tab.10.6
Low,2014Q4,213.0,Tab.10.6
Weighted Average,2015Q4,451.0,Tab.10.6
Weighted Average,2015Q4,1858.0,Tab.10.6
Weighted Average,2015Q4,1315.0,Tab.10.6
Weighted Average,2015Q4,1165.0,Tab.10.6
Weighted Average,2015Q4,854.0,Tab.10.6
High,2015Q4,0.0,Tab.10.6
High,2015Q4,996.0,Tab.10.6
High,2015Q4,933.0,Tab.10.6
High,2015Q4,1229.0,Tab.10.6
High,2015Q4,2486.0,Tab.10.6
Low,2015Q4,879.0,Tab.10.6
Low,2015Q4,3870.0,Tab.10.6
Low,2015Q4,471.0,Tab.10.6
Low,2015Q4,252.0,Tab.10.6
Low,2015Q4,173.0,Tab.10.6
Weighted Average,2016Q4,262.0,Tab.10.6
Weighted Average,2016Q4,1798.0,Tab.10.6
Weighted Average,2016Q4,1771.0,Tab.10.6
Weighted Average,2016Q4,831.0,Tab.10.6
Weighted Average,2016Q4,736.0,Tab.10.6
High,2016Q4,0.0,Tab.10.6
High,2016Q4,878.0,Tab.10.6
High,2016Q4,1172.0,Tab.10.6
High,2016Q4,1311.0,Tab.10.6
High,2016Q4,2038.0,Tab.10.6
Low,2016Q4,715.0,Tab.10.6
Low,2016Q4,3650.0,Tab.10.6
Low,2016Q4,543.0,Tab.10.6
Low,2016Q4,245.0,Tab.10.6
Low,2016Q4,244.0,Tab.10.6
Weighted Average,2017Q4,309.0,Tab.10.6
Weighted Average,2017Q4,1794.0,Tab.10.6
Weighted Average,2017Q4,2126.0,Tab.10.6
Weighted Average,2017Q4,811.0,Tab.10.6
Weighted Average,2017Q4,577.0,Tab.10.6
High,2017Q4,0.0,Tab.10.6
High,2017Q4,882.0,Tab.10.6
High,2017Q4,1219.0,Tab.10.6
High,2017Q4,1562.0,Tab.10.6
High,2017Q4,1952.0,Tab.10.6
Low,2017Q4,921.0,Tab.10.6
Low,2017Q4,3730.0,Tab.10.6
Low,2017Q4,525.0,Tab.10.6
Low,2017Q4,229.0,Tab.10.6
Low,2017Q4,210.0,Tab.10.6
Weighted Average,2018Q4,404.0,Tab.10.6
Weighted Average,2018Q4,2104.0,Tab.10.6
Weighted Average,2018Q4,1875.0,Tab.10.6
Weighted Average,2018Q4,1023.0,Tab.10.6
Weighted Average,2018Q4,774.0,Tab.10.6
High,2018Q4,0.0,Tab.10.6
High,2018Q4,859.0,Tab.10.6
High,2018Q4,1224.0,Tab.10.6
High,2018Q4,1805.0,Tab.10.6
High,2018Q4,2291.0,Tab.10.6
Low,2018Q4,925.0,Tab.10.6
Low,2018Q4,4133.0,Tab.10.6
Low,2018Q4,486.0,Tab.10.6
Low,2018Q4,382.0,Tab.10.6
Low,2018Q4,253.0,Tab.10.6
Weighted Average,2019Q4,392.0,Tab.10.6
Weighted Average,2019Q4,2250.0,Tab.10.6
Weighted Average,2019Q4,2581.0,Tab.10.6
Weighted Average,2019Q4,1357.0,Tab.10.6
Weighted Average,2019Q4,1013.0,Tab.10.6
High,2019Q4,0.0,Tab.10.6
High,2019Q4,1168.0,Tab.10.6
High,2019Q4,1239.0,Tab.10.6
High,2019Q4,2308.0,Tab.10.6
High,2019Q4,2878.0,Tab.10.6
Low,2019Q4,1031.0,Tab.10.6
Low,2019Q4,4988.0,Tab.10.6
Low,2019Q4,704.0,Tab.10.6
Low,2019Q4,407.0,Tab.10.6
Low,2019Q4,462.0,Tab.10.6
Weighted Average,2020Q4,218.0,Tab.10.6
Weighted Average,2020Q4,4146.0,Tab.10.6
Weighted Average,2020Q4,2637.0,Tab.10.6
Weighted Average,2020Q4,1568.0,Tab.10.6
Weighted Average,2020Q4,1707.0,Tab.10.6
High,2020Q4,0.0,Tab.10.6
High,2020Q4,1653.0,Tab.10.6
High,2020Q4,1633.0,Tab.10.6
High,2020Q4,2934.0,Tab.10.6
High,2020Q4,4057.0,Tab.10.6
Low,2020Q4,1116.0,Tab.10.6
Low,2020Q4,7286.0,Tab.10.6
Low,2020Q4,763.0,Tab.10.6
Low,2020Q4,447.0,Tab.10.6
Low,2020Q4,665.0,Tab.10.6
Weighted Average,2021Q4,463.0,Tab.10.6
Weighted Average,2021Q4,5043.0,Tab.10.6
Weighted Average,2021Q4,2739.0,Tab.10.6
Weighted Average,2021Q4,3365.0,Tab.10.6
Weighted Average,2021Q4,3222.0,Tab.10.6
High,2021Q4,0.0,Tab.10.6
High,2021Q4,3000.0,Tab.10.6
High,2021Q4,2110.0,Tab.10.6
High,2021Q4,2666.0,Tab.10.6
High,2021Q4,7056.0,Tab.10.6
Low,2021Q4,3676.0,Tab.10.6
Low,2021Q4,9125.0,Tab.10.6
Low,2021Q4,758.0,Tab.10.6
Low,2021Q4,607.0,Tab.10.6
Low,2021Q4,667.0,Tab.10.6
Weighted Average,2022Q4,402.0,Tab.10.6
Weighted Average,2022Q4,5519.0,Tab.10.6
Weighted Average,2022Q4,3933.0,Tab.10.6
Weighted Average,2022Q4,3528.0,Tab.10.6
Weighted Average,2022Q4,2854.0,Tab.10.6
High,2022Q4,0.0,Tab.10.6
High,2022Q4,3029.0,Tab.10.6
High,2022Q4,2276.0,Tab.10.6
High,2022Q4,4124.0,Tab.10.6
High,2022Q4,6806.0,Tab.10.6
Low,2022Q4,3465.0,Tab.10.6
Low,2022Q4,9903.0,Tab.10.6
Low,2022Q4,1265.0,Tab.10.6
Low,2022Q4,726.0,Tab.10.6
Low,2022Q4,876.0,Tab.10.6
Weighted Average,2023Q4,820.0,Tab.10.6
Weighted Average,2023Q4,8249.0,Tab.10.6
Weighted Average,2023Q4,4588.0,Tab.10.6
Weighted Average,2023Q4,3208.0,Tab.10.6
Weighted Average,2023Q4,1977.0,Tab.10.6
High,2023Q4,0.0,Tab.10.6
High,2023Q4,4527.0,Tab.10.6
High,2023Q4,3230.0,Tab.10.6
High,2023Q4,4917.0,Tab.10.6
High,2023Q4,6168.0,Tab.10.6
Low,2023Q4,4391.0,Tab.10.6
Low,2023Q4,11587.0,Tab.10.6
Low,2023Q4,1281.0,Tab.10.6
Low,2023Q4,828.0,Tab.10.6
Low,2023Q4,755.0,Tab.10.6
Weighted Average,2024Q4,1039.0,Tab.10.6
Weighted Average,2024Q4,11249.0,Tab.10.6
Weighted Average,2024Q4,3857.0,Tab.10.6
Weighted Average,2024Q4,3921.0,Tab.10.6
Weighted Average,2024Q4,2887.0,Tab.10.6
High,2024Q4,0.0,Tab.10.6
High,2024Q4,5996.0,Tab.10.6
High,2024Q4,3615.0,Tab.10.6
High,2024Q4,5528.0,Tab.10.6
High,2024Q4,7814.0,Tab.10.6
Low,2024Q4,4891.0,Tab.10.6
Low,2024Q4,15085.0,Tab.10.6
Low,2024Q4,1125.0,Tab.10.6
Low,2024Q4,1068.0,Tab.10.6
Low,2024Q4,782.0,Tab.10.6
