fund_universe,country,quarter,share,table
All Private Funds,United States,2013Q1,0.501,Tab.3.1
All Private Funds,Cayman Islands,2013Q1,0.369,Tab.3.1
All Private Funds,Luxembourg,2013Q1,0.01,Tab.3.1
All Private Funds,Ireland,2013Q1,0.045,Tab.3.1
All Private Funds,Bermuda,2013Q1,0.012,Tab.3.1
All Private Funds,United Kingdom,2013Q1,0.012,Tab.3.1
All Private Funds,"Virgin Islands, British",2013Q1,0.027,Tab.3.1
All Private Funds,Other,2013Q1,0.024,Tab.3.1
Qualifying Hedge Funds,Cayman Islands,2013Q1,0.538,Tab.3.1
Qualifying Hedge Funds,United States,2013Q1,0.33,Tab.3.1
Qualifying Hedge Funds,Luxembourg,2013Q1,0.017,Tab.3.1
Qualifying Hedge Funds,Ireland,2013Q1,0.016,Tab.3.1
Qualifying Hedge Funds,"Virgin Islands, British",2013Q1,0.063,Tab.3.1
Qualifying Hedge Funds,Bermuda,2013Q1,0.018,Tab.3.1
Qualifying Hedge Funds,Other,2013Q1,0.019,Tab.3.1
Section 3 Liquidity Funds,United States,2013Q1,0.326,Tab.3.1
Section 3 Liquidity Funds,Cayman Islands,2013Q1,0.08,Tab.3.1
Section 4 Private Equity Funds,United States,2013Q1,0.665,Tab.3.1
Section 4 Private Equity Funds,Cayman Islands,2013Q1,0.283,Tab.3.1
Section 4 Private Equity Funds,Canada,2013Q1,,Tab.3.1
Section 4 Private Equity Funds,United Kingdom,2013Q1,0.016,Tab.3.1
Section 4 Private Equity Funds,Bermuda,2013Q1,,Tab.3.1
Section 4 Private Equity Funds,Other,2013Q1,0.016,Tab.3.1
All Private Funds,United States,2013Q2,0.496,Tab.3.1
All Private Funds,Cayman Islands,2013Q2,0.371,Tab.3.1
All Private Funds,Luxembourg,2013Q2,0.011,Tab.3.1
All Private Funds,Ireland,2013Q2,0.044,Tab.3.1
All Private Funds,Bermuda,2013Q2,0.012,Tab.3.1
All Private Funds,United Kingdom,2013Q2,0.011,Tab.3.1
All Private Funds,"Virgin Islands, British",2013Q2,0.028,Tab.3.1
All Private Funds,Other,2013Q2,0.027,Tab.3.1
Qualifying Hedge Funds,Cayman Islands,2013Q2,0.533,Tab.3.1
Qualifying Hedge Funds,United States,2013Q2,0.324,Tab.3.1
Qualifying Hedge Funds,Luxembourg,2013Q2,0.017,Tab.3.1
Qualifying Hedge Funds,Ireland,2013Q2,0.018,Tab.3.1
Qualifying Hedge Funds,"Virgin Islands, British",2013Q2,0.063,Tab.3.1
Qualifying Hedge Funds,Bermuda,2013Q2,0.018,Tab.3.1
Qualifying Hedge Funds,Other,2013Q2,0.027,Tab.3.1
Section 3 Liquidity Funds,United States,2013Q2,0.329,Tab.3.1
Section 3 Liquidity Funds,Cayman Islands,2013Q2,0.087,Tab.3.1
Section 4 Private Equity Funds,United States,2013Q2,0.662,Tab.3.1
Section 4 Private Equity Funds,Cayman Islands,2013Q2,0.286,Tab.3.1
Section 4 Private Equity Funds,Canada,2013Q2,,Tab.3.1
Section 4 Private Equity Funds,United Kingdom,2013Q2,0.016,Tab.3.1
Section 4 Private Equity Funds,Bermuda,2013Q2,,Tab.3.1
Section 4 Private Equity Funds,Other,2013Q2,0.016,Tab.3.1
All Private Funds,United States,2013Q3,0.494,Tab.3.1
All Private Funds,Cayman Islands,2013Q3,0.374,Tab.3.1
All Private Funds,Luxembourg,2013Q3,0.012,Tab.3.1
All Private Funds,Ireland,2013Q3,0.043,Tab.3.1
All Private Funds,Bermuda,2013Q3,0.012,Tab.3.1
All Private Funds,United Kingdom,2013Q3,0.011,Tab.3.1
All Private Funds,"Virgin Islands, British",2013Q3,0.028,Tab.3.1
All Private Funds,Other,2013Q3,0.026,Tab.3.1
Qualifying Hedge Funds,Cayman Islands,2013Q3,0.536,Tab.3.1
Qualifying Hedge Funds,United States,2013Q3,0.322,Tab.3.1
Qualifying Hedge Funds,Luxembourg,2013Q3,0.018,Tab.3.1
Qualifying Hedge Funds,Ireland,2013Q3,0.02,Tab.3.1
Qualifying Hedge Funds,"Virgin Islands, British",2013Q3,0.063,Tab.3.1
Qualifying Hedge Funds,Bermuda,2013Q3,0.018,Tab.3.1
Qualifying Hedge Funds,Other,2013Q3,0.025,Tab.3.1
Section 3 Liquidity Funds,United States,2013Q3,0.344,Tab.3.1
Section 3 Liquidity Funds,Cayman Islands,2013Q3,0.081,Tab.3.1
Section 4 Private Equity Funds,United States,2013Q3,0.665,Tab.3.1
Section 4 Private Equity Funds,Cayman Islands,2013Q3,0.284,Tab.3.1
Section 4 Private Equity Funds,Canada,2013Q3,,Tab.3.1
Section 4 Private Equity Funds,United Kingdom,2013Q3,0.016,Tab.3.1
Section 4 Private Equity Funds,Bermuda,2013Q3,,Tab.3.1
Section 4 Private Equity Funds,Other,2013Q3,0.016,Tab.3.1
All Private Funds,United States,2013Q4,0.516,Tab.3.1
All Private Funds,Cayman Islands,2013Q4,0.364,Tab.3.1
All Private Funds,Luxembourg,2013Q4,0.012,Tab.3.1
All Private Funds,Ireland,2013Q4,0.041,Tab.3.1
All Private Funds,Bermuda,2013Q4,0.012,Tab.3.1
All Private Funds,United Kingdom,2013Q4,0.007,Tab.3.1
All Private Funds,"Virgin Islands, British",2013Q4,0.027,Tab.3.1
All Private Funds,Other,2013Q4,0.022,Tab.3.1
Qualifying Hedge Funds,Cayman Islands,2013Q4,0.536,Tab.3.1
Qualifying Hedge Funds,United States,2013Q4,0.329,Tab.3.1
Qualifying Hedge Funds,Luxembourg,2013Q4,0.016,Tab.3.1
Qualifying Hedge Funds,Ireland,2013Q4,0.022,Tab.3.1
Qualifying Hedge Funds,"Virgin Islands, British",2013Q4,0.063,Tab.3.1
Qualifying Hedge Funds,Bermuda,2013Q4,0.014,Tab.3.1
Qualifying Hedge Funds,Other,2013Q4,0.02,Tab.3.1
Section 3 Liquidity Funds,United States,2013Q4,0.359,Tab.3.1
Section 3 Liquidity Funds,Cayman Islands,2013Q4,0.079,Tab.3.1
Section 4 Private Equity Funds,United States,2013Q4,0.666,Tab.3.1
Section 4 Private Equity Funds,Cayman Islands,2013Q4,0.281,Tab.3.1
Section 4 Private Equity Funds,Canada,2013Q4,0.015,Tab.3.1
Section 4 Private Equity Funds,United Kingdom,2013Q4,0.013,Tab.3.1
Section 4 Private Equity Funds,Bermuda,2013Q4,0.009,Tab.3.1
Section 4 Private Equity Funds,Other,2013Q4,0.016,Tab.3.1
All Private Funds,United States,2014Q1,0.506,Tab.3.1
All Private Funds,Cayman Islands,2014Q1,0.372,Tab.3.1
All Private Funds,Luxembourg,2014Q1,0.012,Tab.3.1
All Private Funds,Ireland,2014Q1,0.042,Tab.3.1
All Private Funds,Bermuda,2014Q1,0.012,Tab.3.1
All Private Funds,United Kingdom,2014Q1,0.007,Tab.3.1
All Private Funds,"Virgin Islands, British",2014Q1,0.027,Tab.3.1
All Private Funds,Other,2014Q1,0.022,Tab.3.1
Qualifying Hedge Funds,Cayman Islands,2014Q1,0.553,Tab.3.1
Qualifying Hedge Funds,United States,2014Q1,0.313,Tab.3.1
Qualifying Hedge Funds,Luxembourg,2014Q1,0.016,Tab.3.1
Qualifying Hedge Funds,Ireland,2014Q1,0.023,Tab.3.1
Qualifying Hedge Funds,"Virgin Islands, British",2014Q1,0.062,Tab.3.1
Qualifying Hedge Funds,Bermuda,2014Q1,0.013,Tab.3.1
Qualifying Hedge Funds,Other,2014Q1,0.02,Tab.3.1
Section 3 Liquidity Funds,United States,2014Q1,0.332,Tab.3.1
Section 3 Liquidity Funds,Cayman Islands,2014Q1,0.088,Tab.3.1
Section 4 Private Equity Funds,United States,2014Q1,0.664,Tab.3.1
Section 4 Private Equity Funds,Cayman Islands,2014Q1,0.281,Tab.3.1
Section 4 Private Equity Funds,Canada,2014Q1,0.015,Tab.3.1
Section 4 Private Equity Funds,United Kingdom,2014Q1,0.013,Tab.3.1
Section 4 Private Equity Funds,Bermuda,2014Q1,0.009,Tab.3.1
Section 4 Private Equity Funds,Other,2014Q1,0.018,Tab.3.1
All Private Funds,United States,2014Q2,0.502,Tab.3.1
All Private Funds,Cayman Islands,2014Q2,0.375,Tab.3.1
All Private Funds,Luxembourg,2014Q2,0.012,Tab.3.1
All Private Funds,Ireland,2014Q2,0.044,Tab.3.1
All Private Funds,Bermuda,2014Q2,0.012,Tab.3.1
All Private Funds,United Kingdom,2014Q2,0.007,Tab.3.1
All Private Funds,"Virgin Islands, British",2014Q2,0.027,Tab.3.1
All Private Funds,Other,2014Q2,0.021,Tab.3.1
Qualifying Hedge Funds,Cayman Islands,2014Q2,0.553,Tab.3.1
Qualifying Hedge Funds,United States,2014Q2,0.315,Tab.3.1
Qualifying Hedge Funds,Luxembourg,2014Q2,0.016,Tab.3.1
Qualifying Hedge Funds,Ireland,2014Q2,0.023,Tab.3.1
Qualifying Hedge Funds,"Virgin Islands, British",2014Q2,0.061,Tab.3.1
Qualifying Hedge Funds,Bermuda,2014Q2,0.014,Tab.3.1
Qualifying Hedge Funds,Other,2014Q2,0.018,Tab.3.1
Section 3 Liquidity Funds,United States,2014Q2,0.341,Tab.3.1
Section 3 Liquidity Funds,Cayman Islands,2014Q2,,Tab.3.1
Section 4 Private Equity Funds,United States,2014Q2,0.664,Tab.3.1
Section 4 Private Equity Funds,Cayman Islands,2014Q2,0.281,Tab.3.1
Section 4 Private Equity Funds,Canada,2014Q2,0.015,Tab.3.1
Section 4 Private Equity Funds,United Kingdom,2014Q2,0.013,Tab.3.1
Section 4 Private Equity Funds,Bermuda,2014Q2,0.009,Tab.3.1
Section 4 Private Equity Funds,Other,2014Q2,0.018,Tab.3.1
All Private Funds,United States,2014Q3,0.502,Tab.3.1
All Private Funds,Cayman Islands,2014Q3,0.375,Tab.3.1
All Private Funds,Luxembourg,2014Q3,0.012,Tab.3.1
All Private Funds,Ireland,2014Q3,0.046,Tab.3.1
All Private Funds,Bermuda,2014Q3,0.012,Tab.3.1
All Private Funds,United Kingdom,2014Q3,0.007,Tab.3.1
All Private Funds,"Virgin Islands, British",2014Q3,0.027,Tab.3.1
All Private Funds,Other,2014Q3,0.02,Tab.3.1
Qualifying Hedge Funds,Cayman Islands,2014Q3,0.552,Tab.3.1
Qualifying Hedge Funds,United States,2014Q3,0.319,Tab.3.1
Qualifying Hedge Funds,Luxembourg,2014Q3,0.015,Tab.3.1
Qualifying Hedge Funds,Ireland,2014Q3,0.023,Tab.3.1
Qualifying Hedge Funds,"Virgin Islands, British",2014Q3,0.06,Tab.3.1
Qualifying Hedge Funds,Bermuda,2014Q3,0.014,Tab.3.1
Qualifying Hedge Funds,Other,2014Q3,0.017,Tab.3.1
Section 3 Liquidity Funds,United States,2014Q3,0.323,Tab.3.1
Section 3 Liquidity Funds,Cayman Islands,2014Q3,0.082,Tab.3.1
Section 4 Private Equity Funds,United States,2014Q3,0.664,Tab.3.1
Section 4 Private Equity Funds,Cayman Islands,2014Q3,0.281,Tab.3.1
Section 4 Private Equity Funds,Canada,2014Q3,0.015,Tab.3.1
Section 4 Private Equity Funds,United Kingdom,2014Q3,0.013,Tab.3.1
Section 4 Private Equity Funds,Bermuda,2014Q3,0.009,Tab.3.1
Section 4 Private Equity Funds,Other,2014Q3,0.018,Tab.3.1
All Private Funds,United States,2014Q4,0.498,Tab.3.1
All Private Funds,Cayman Islands,2014Q4,0.377,Tab.3.1
All Private Funds,Luxembourg,2014Q4,0.012,Tab.3.1
All Private Funds,Ireland,2014Q4,0.045,Tab.3.1
All Private Funds,Bermuda,2014Q4,0.012,Tab.3.1
All Private Funds,United Kingdom,2014Q4,0.01,Tab.3.1
All Private Funds,"Virgin Islands, British",2014Q4,0.026,Tab.3.1
All Private Funds,Other,2014Q4,0.02,Tab.3.1
Qualifying Hedge Funds,Cayman Islands,2014Q4,0.553,Tab.3.1
Qualifying Hedge Funds,United States,2014Q4,0.317,Tab.3.1
Qualifying Hedge Funds,Luxembourg,2014Q4,0.013,Tab.3.1
Qualifying Hedge Funds,Ireland,2014Q4,0.024,Tab.3.1
Qualifying Hedge Funds,"Virgin Islands, British",2014Q4,0.061,Tab.3.1
Qualifying Hedge Funds,Bermuda,2014Q4,0.013,Tab.3.1
Qualifying Hedge Funds,Other,2014Q4,0.018,Tab.3.1
Section 3 Liquidity Funds,United States,2014Q4,0.306,Tab.3.1
Section 3 Liquidity Funds,Cayman Islands,2014Q4,,Tab.3.1
Section 4 Private Equity Funds,United States,2014Q4,0.633,Tab.3.1
Section 4 Private Equity Funds,Cayman Islands,2014Q4,0.306,Tab.3.1
Section 4 Private Equity Funds,Canada,2014Q4,0.014,Tab.3.1
Section 4 Private Equity Funds,United Kingdom,2014Q4,0.023,Tab.3.1
Section 4 Private Equity Funds,Bermuda,2014Q4,0.01,Tab.3.1
Section 4 Private Equity Funds,Other,2014Q4,0.014,Tab.3.1
All Private Funds,United States,2015Q1,0.495,Tab.3.1
All Private Funds,Cayman Islands,2015Q1,0.378,Tab.3.1
All Private Funds,Luxembourg,2015Q1,0.012,Tab.3.1
All Private Funds,Ireland,2015Q1,0.044,Tab.3.1
All Private Funds,Bermuda,2015Q1,0.012,Tab.3.1
All Private Funds,United Kingdom,2015Q1,0.01,Tab.3.1
All Private Funds,"Virgin Islands, British",2015Q1,0.028,Tab.3.1
All Private Funds,Other,2015Q1,0.02,Tab.3.1
Qualifying Hedge Funds,Cayman Islands,2015Q1,0.558,Tab.3.1
Qualifying Hedge Funds,United States,2015Q1,0.313,Tab.3.1
Qualifying Hedge Funds,Luxembourg,2015Q1,0.012,Tab.3.1
Qualifying Hedge Funds,Ireland,2015Q1,0.022,Tab.3.1
Qualifying Hedge Funds,"Virgin Islands, British",2015Q1,0.062,Tab.3.1
Qualifying Hedge Funds,Bermuda,2015Q1,0.014,Tab.3.1
Qualifying Hedge Funds,Other,2015Q1,0.018,Tab.3.1
Section 3 Liquidity Funds,United States,2015Q1,0.328,Tab.3.1
Section 3 Liquidity Funds,Cayman Islands,2015Q1,,Tab.3.1
Section 4 Private Equity Funds,United States,2015Q1,0.634,Tab.3.1
Section 4 Private Equity Funds,Cayman Islands,2015Q1,0.306,Tab.3.1
Section 4 Private Equity Funds,Canada,2015Q1,0.014,Tab.3.1
Section 4 Private Equity Funds,United Kingdom,2015Q1,0.024,Tab.3.1
Section 4 Private Equity Funds,Bermuda,2015Q1,0.01,Tab.3.1
Section 4 Private Equity Funds,Other,2015Q1,0.012,Tab.3.1
All Private Funds,United States,2015Q2,0.496,Tab.3.1
All Private Funds,Cayman Islands,2015Q2,0.379,Tab.3.1
All Private Funds,Luxembourg,2015Q2,0.012,Tab.3.1
All Private Funds,Ireland,2015Q2,0.044,Tab.3.1
All Private Funds,Bermuda,2015Q2,0.012,Tab.3.1
All Private Funds,United Kingdom,2015Q2,0.01,Tab.3.1
All Private Funds,"Virgin Islands, British",2015Q2,0.027,Tab.3.1
All Private Funds,Other,2015Q2,0.02,Tab.3.1
Qualifying Hedge Funds,Cayman Islands,2015Q2,0.555,Tab.3.1
Qualifying Hedge Funds,United States,2015Q2,0.316,Tab.3.1
Qualifying Hedge Funds,Luxembourg,2015Q2,0.012,Tab.3.1
Qualifying Hedge Funds,Ireland,2015Q2,0.024,Tab.3.1
Qualifying Hedge Funds,"Virgin Islands, British",2015Q2,0.061,Tab.3.1
Qualifying Hedge Funds,Bermuda,2015Q2,0.014,Tab.3.1
Qualifying Hedge Funds,Other,2015Q2,0.018,Tab.3.1
Section 3 Liquidity Funds,United States,2015Q2,0.321,Tab.3.1
Section 3 Liquidity Funds,Cayman Islands,2015Q2,,Tab.3.1
Section 4 Private Equity Funds,United States,2015Q2,0.635,Tab.3.1
Section 4 Private Equity Funds,Cayman Islands,2015Q2,0.305,Tab.3.1
Section 4 Private Equity Funds,Canada,2015Q2,0.014,Tab.3.1
Section 4 Private Equity Funds,United Kingdom,2015Q2,0.024,Tab.3.1
Section 4 Private Equity Funds,Bermuda,2015Q2,0.01,Tab.3.1
Section 4 Private Equity Funds,Other,2015Q2,0.012,Tab.3.1
All Private Funds,United States,2015Q3,0.496,Tab.3.1
All Private Funds,Cayman Islands,2015Q3,0.379,Tab.3.1
All Private Funds,Luxembourg,2015Q3,0.012,Tab.3.1
All Private Funds,Ireland,2015Q3,0.044,Tab.3.1
All Private Funds,Bermuda,2015Q3,0.013,Tab.3.1
All Private Funds,United Kingdom,2015Q3,0.011,Tab.3.1
All Private Funds,"Virgin Islands, British",2015Q3,0.026,Tab.3.1
All Private Funds,Other,2015Q3,0.02,Tab.3.1
Qualifying Hedge Funds,Cayman Islands,2015Q3,0.555,Tab.3.1
Qualifying Hedge Funds,United States,2015Q3,0.316,Tab.3.1
Qualifying Hedge Funds,Luxembourg,2015Q3,0.011,Tab.3.1
Qualifying Hedge Funds,Ireland,2015Q3,0.024,Tab.3.1
Qualifying Hedge Funds,"Virgin Islands, British",2015Q3,0.06,Tab.3.1
Qualifying Hedge Funds,Bermuda,2015Q3,0.015,Tab.3.1
Qualifying Hedge Funds,Other,2015Q3,0.019,Tab.3.1
Section 3 Liquidity Funds,United States,2015Q3,0.322,Tab.3.1
Section 3 Liquidity Funds,Cayman Islands,2015Q3,,Tab.3.1
Section 4 Private Equity Funds,United States,2015Q3,0.632,Tab.3.1
Section 4 Private Equity Funds,Cayman Islands,2015Q3,0.308,Tab.3.1
Section 4 Private Equity Funds,Canada,2015Q3,0.014,Tab.3.1
Section 4 Private Equity Funds,United Kingdom,2015Q3,0.024,Tab.3.1
Section 4 Private Equity Funds,Bermuda,2015Q3,0.01,Tab.3.1
Section 4 Private Equity Funds,Other,2015Q3,0.012,Tab.3.1
All Private Funds,United States,2015Q4,0.501,Tab.3.1
All Private Funds,Cayman Islands,2015Q4,0.378,Tab.3.1
All Private Funds,Luxembourg,2015Q4,0.013,Tab.3.1
All Private Funds,Ireland,2015Q4,0.039,Tab.3.1
All Private Funds,Bermuda,2015Q4,0.013,Tab.3.1
All Private Funds,United Kingdom,2015Q4,0.011,Tab.3.1
All Private Funds,"Virgin Islands, British",2015Q4,0.023,Tab.3.1
All Private Funds,Other,2015Q4,0.022,Tab.3.1
Qualifying Hedge Funds,Cayman Islands,2015Q4,0.557,Tab.3.1
Qualifying Hedge Funds,United States,2015Q4,0.32,Tab.3.1
Qualifying Hedge Funds,Luxembourg,2015Q4,0.012,Tab.3.1
Qualifying Hedge Funds,Ireland,2015Q4,0.025,Tab.3.1
Qualifying Hedge Funds,"Virgin Islands, British",2015Q4,0.054,Tab.3.1
Qualifying Hedge Funds,Bermuda,2015Q4,0.015,Tab.3.1
Qualifying Hedge Funds,Other,2015Q4,0.019,Tab.3.1
Section 3 Liquidity Funds,United States,2015Q4,0.35,Tab.3.1
Section 3 Liquidity Funds,Cayman Islands,2015Q4,,Tab.3.1
Section 4 Private Equity Funds,United States,2015Q4,0.62,Tab.3.1
Section 4 Private Equity Funds,Cayman Islands,2015Q4,0.303,Tab.3.1
Section 4 Private Equity Funds,Canada,2015Q4,0.012,Tab.3.1
Section 4 Private Equity Funds,United Kingdom,2015Q4,0.026,Tab.3.1
Section 4 Private Equity Funds,Bermuda,2015Q4,0.013,Tab.3.1
Section 4 Private Equity Funds,Other,2015Q4,0.027,Tab.3.1
All Private Funds,United States,2016Q1,0.508,Tab.3.1
All Private Funds,Cayman Islands,2016Q1,0.373,Tab.3.1
All Private Funds,Luxembourg,2016Q1,0.013,Tab.3.1
All Private Funds,Ireland,2016Q1,0.038,Tab.3.1
All Private Funds,Bermuda,2016Q1,0.013,Tab.3.1
All Private Funds,United Kingdom,2016Q1,0.011,Tab.3.1
All Private Funds,"Virgin Islands, British",2016Q1,0.024,Tab.3.1
All Private Funds,Other,2016Q1,0.021,Tab.3.1
Qualifying Hedge Funds,Cayman Islands,2016Q1,0.546,Tab.3.1
Qualifying Hedge Funds,United States,2016Q1,0.327,Tab.3.1
Qualifying Hedge Funds,Luxembourg,2016Q1,0.012,Tab.3.1
Qualifying Hedge Funds,Ireland,2016Q1,0.026,Tab.3.1
Qualifying Hedge Funds,"Virgin Islands, British",2016Q1,0.057,Tab.3.1
Qualifying Hedge Funds,Bermuda,2016Q1,0.014,Tab.3.1
Qualifying Hedge Funds,Other,2016Q1,0.018,Tab.3.1
Section 3 Liquidity Funds,United States,2016Q1,0.365,Tab.3.1
Section 3 Liquidity Funds,Cayman Islands,2016Q1,,Tab.3.1
Section 4 Private Equity Funds,United States,2016Q1,0.62,Tab.3.1
Section 4 Private Equity Funds,Cayman Islands,2016Q1,0.303,Tab.3.1
Section 4 Private Equity Funds,Canada,2016Q1,0.012,Tab.3.1
Section 4 Private Equity Funds,United Kingdom,2016Q1,0.026,Tab.3.1
Section 4 Private Equity Funds,Bermuda,2016Q1,0.013,Tab.3.1
Section 4 Private Equity Funds,Other,2016Q1,0.026,Tab.3.1
All Private Funds,United States,2016Q2,0.507,Tab.3.1
All Private Funds,Cayman Islands,2016Q2,0.372,Tab.3.1
All Private Funds,Luxembourg,2016Q2,0.015,Tab.3.1
All Private Funds,Ireland,2016Q2,0.039,Tab.3.1
All Private Funds,Bermuda,2016Q2,0.013,Tab.3.1
All Private Funds,United Kingdom,2016Q2,0.011,Tab.3.1
All Private Funds,"Virgin Islands, British",2016Q2,0.023,Tab.3.1
All Private Funds,Other,2016Q2,0.021,Tab.3.1
Qualifying Hedge Funds,Cayman Islands,2016Q2,0.544,Tab.3.1
Qualifying Hedge Funds,United States,2016Q2,0.331,Tab.3.1
Qualifying Hedge Funds,Luxembourg,2016Q2,0.012,Tab.3.1
Qualifying Hedge Funds,Ireland,2016Q2,0.025,Tab.3.1
Qualifying Hedge Funds,"Virgin Islands, British",2016Q2,0.057,Tab.3.1
Qualifying Hedge Funds,Bermuda,2016Q2,0.014,Tab.3.1
Qualifying Hedge Funds,Other,2016Q2,0.017,Tab.3.1
Section 3 Liquidity Funds,United States,2016Q2,0.341,Tab.3.1
Section 3 Liquidity Funds,Cayman Islands,2016Q2,,Tab.3.1
Section 4 Private Equity Funds,United States,2016Q2,0.62,Tab.3.1
Section 4 Private Equity Funds,Cayman Islands,2016Q2,0.303,Tab.3.1
Section 4 Private Equity Funds,Canada,2016Q2,0.012,Tab.3.1
Section 4 Private Equity Funds,United Kingdom,2016Q2,0.026,Tab.3.1
Section 4 Private Equity Funds,Bermuda,2016Q2,0.013,Tab.3.1
Section 4 Private Equity Funds,Other,2016Q2,0.026,Tab.3.1
All Private Funds,United States,2016Q3,0.508,Tab.3.1
All Private Funds,Cayman Islands,2016Q3,0.371,Tab.3.1
All Private Funds,Luxembourg,2016Q3,0.015,Tab.3.1
All Private Funds,Ireland,2016Q3,0.039,Tab.3.1
All Private Funds,Bermuda,2016Q3,0.012,Tab.3.1
All Private Funds,United Kingdom,2016Q3,0.011,Tab.3.1
All Private Funds,"Virgin Islands, British",2016Q3,0.023,Tab.3.1
All Private Funds,Other,2016Q3,0.021,Tab.3.1
Qualifying Hedge Funds,Cayman Islands,2016Q3,0.537,Tab.3.1
Qualifying Hedge Funds,United States,2016Q3,0.338,Tab.3.1
Qualifying Hedge Funds,Luxembourg,2016Q3,0.013,Tab.3.1
Qualifying Hedge Funds,Ireland,2016Q3,0.026,Tab.3.1
Qualifying Hedge Funds,"Virgin Islands, British",2016Q3,0.055,Tab.3.1
Qualifying Hedge Funds,Bermuda,2016Q3,0.014,Tab.3.1
Qualifying Hedge Funds,Other,2016Q3,0.017,Tab.3.1
Section 3 Liquidity Funds,United States,2016Q3,0.34,Tab.3.1
Section 3 Liquidity Funds,Cayman Islands,2016Q3,,Tab.3.1
Section 4 Private Equity Funds,United States,2016Q3,0.62,Tab.3.1
Section 4 Private Equity Funds,Cayman Islands,2016Q3,0.303,Tab.3.1
Section 4 Private Equity Funds,Canada,2016Q3,0.012,Tab.3.1
Section 4 Private Equity Funds,United Kingdom,2016Q3,0.026,Tab.3.1
Section 4 Private Equity Funds,Bermuda,2016Q3,0.013,Tab.3.1
Section 4 Private Equity Funds,Other,2016Q3,0.027,Tab.3.1
All Private Funds,United States,2016Q4,0.513,Tab.3.1
All Private Funds,Cayman Islands,2016Q4,0.364,Tab.3.1
All Private Funds,Luxembourg,2016Q4,0.014,Tab.3.1
All Private Funds,Ireland,2016Q4,0.043,Tab.3.1
All Private Funds,Bermuda,2016Q4,0.013,Tab.3.1
All Private Funds,United Kingdom,2016Q4,0.011,Tab.3.1
All Private Funds,"Virgin Islands, British",2016Q4,0.022,Tab.3.1
All Private Funds,Other,2016Q4,0.021,Tab.3.1
Qualifying Hedge Funds,Cayman Islands,2016Q4,0.529,Tab.3.1
Qualifying Hedge Funds,United States,2016Q4,0.343,Tab.3.1
Qualifying Hedge Funds,Luxembourg,2016Q4,0.013,Tab.3.1
Qualifying Hedge Funds,Ireland,2016Q4,0.027,Tab.3.1
Qualifying Hedge Funds,"Virgin Islands, British",2016Q4,0.055,Tab.3.1
Qualifying Hedge Funds,Bermuda,2016Q4,0.018,Tab.3.1
Qualifying Hedge Funds,Other,2016Q4,0.017,Tab.3.1
Section 3 Liquidity Funds,United States,2016Q4,0.33,Tab.3.1
Section 3 Liquidity Funds,Cayman Islands,2016Q4,,Tab.3.1
Section 4 Private Equity Funds,United States,2016Q4,0.638,Tab.3.1
Section 4 Private Equity Funds,Cayman Islands,2016Q4,0.295,Tab.3.1
Section 4 Private Equity Funds,Canada,2016Q4,0.009,Tab.3.1
Section 4 Private Equity Funds,United Kingdom,2016Q4,0.019,Tab.3.1
Section 4 Private Equity Funds,Bermuda,2016Q4,0.011,Tab.3.1
Section 4 Private Equity Funds,Other,2016Q4,0.029,Tab.3.1
All Private Funds,United States,2017Q1,0.514,Tab.3.1
All Private Funds,Cayman Islands,2017Q1,0.364,Tab.3.1
All Private Funds,Luxembourg,2017Q1,0.015,Tab.3.1
All Private Funds,Ireland,2017Q1,0.042,Tab.3.1
All Private Funds,Bermuda,2017Q1,0.013,Tab.3.1
All Private Funds,United Kingdom,2017Q1,0.011,Tab.3.1
All Private Funds,"Virgin Islands, British",2017Q1,0.022,Tab.3.1
All Private Funds,Other,2017Q1,0.02,Tab.3.1
Qualifying Hedge Funds,Cayman Islands,2017Q1,0.526,Tab.3.1
Qualifying Hedge Funds,United States,2017Q1,0.346,Tab.3.1
Qualifying Hedge Funds,Luxembourg,2017Q1,0.014,Tab.3.1
Qualifying Hedge Funds,Ireland,2017Q1,0.027,Tab.3.1
Qualifying Hedge Funds,"Virgin Islands, British",2017Q1,0.053,Tab.3.1
Qualifying Hedge Funds,Bermuda,2017Q1,0.017,Tab.3.1
Qualifying Hedge Funds,Other,2017Q1,0.017,Tab.3.1
Section 3 Liquidity Funds,United States,2017Q1,0.338,Tab.3.1
Section 3 Liquidity Funds,Cayman Islands,2017Q1,,Tab.3.1
Section 4 Private Equity Funds,United States,2017Q1,0.638,Tab.3.1
Section 4 Private Equity Funds,Cayman Islands,2017Q1,0.294,Tab.3.1
Section 4 Private Equity Funds,Canada,2017Q1,0.009,Tab.3.1
Section 4 Private Equity Funds,United Kingdom,2017Q1,0.019,Tab.3.1
Section 4 Private Equity Funds,Bermuda,2017Q1,0.011,Tab.3.1
Section 4 Private Equity Funds,Other,2017Q1,0.029,Tab.3.1
All Private Funds,United States,2017Q2,0.515,Tab.3.1
All Private Funds,Cayman Islands,2017Q2,0.364,Tab.3.1
All Private Funds,Luxembourg,2017Q2,0.016,Tab.3.1
All Private Funds,Ireland,2017Q2,0.042,Tab.3.1
All Private Funds,Bermuda,2017Q2,0.013,Tab.3.1
All Private Funds,United Kingdom,2017Q2,0.011,Tab.3.1
All Private Funds,"Virgin Islands, British",2017Q2,0.02,Tab.3.1
All Private Funds,Other,2017Q2,0.02,Tab.3.1
Qualifying Hedge Funds,Cayman Islands,2017Q2,0.524,Tab.3.1
Qualifying Hedge Funds,United States,2017Q2,0.35,Tab.3.1
Qualifying Hedge Funds,Luxembourg,2017Q2,0.016,Tab.3.1
Qualifying Hedge Funds,Ireland,2017Q2,0.027,Tab.3.1
Qualifying Hedge Funds,"Virgin Islands, British",2017Q2,0.05,Tab.3.1
Qualifying Hedge Funds,Bermuda,2017Q2,0.017,Tab.3.1
Qualifying Hedge Funds,Other,2017Q2,0.016,Tab.3.1
Section 3 Liquidity Funds,United States,2017Q2,0.367,Tab.3.1
Section 3 Liquidity Funds,Cayman Islands,2017Q2,,Tab.3.1
Section 4 Private Equity Funds,United States,2017Q2,0.638,Tab.3.1
Section 4 Private Equity Funds,Cayman Islands,2017Q2,0.294,Tab.3.1
Section 4 Private Equity Funds,Canada,2017Q2,0.009,Tab.3.1
Section 4 Private Equity Funds,United Kingdom,2017Q2,0.019,Tab.3.1
Section 4 Private Equity Funds,Bermuda,2017Q2,0.011,Tab.3.1
Section 4 Private Equity Funds,Other,2017Q2,0.029,Tab.3.1
All Private Funds,United States,2017Q3,0.51,Tab.3.1
All Private Funds,Cayman Islands,2017Q3,0.366,Tab.3.1
All Private Funds,Luxembourg,2017Q3,0.016,Tab.3.1
All Private Funds,Ireland,2017Q3,0.043,Tab.3.1
All Private Funds,Bermuda,2017Q3,0.013,Tab.3.1
All Private Funds,United Kingdom,2017Q3,0.011,Tab.3.1
All Private Funds,"Virgin Islands, British",2017Q3,0.02,Tab.3.1
All Private Funds,Other,2017Q3,0.021,Tab.3.1
Qualifying Hedge Funds,Cayman Islands,2017Q3,0.517,Tab.3.1
Qualifying Hedge Funds,United States,2017Q3,0.353,Tab.3.1
Qualifying Hedge Funds,Luxembourg,2017Q3,0.017,Tab.3.1
Qualifying Hedge Funds,Ireland,2017Q3,0.028,Tab.3.1
Qualifying Hedge Funds,"Virgin Islands, British",2017Q3,0.048,Tab.3.1
Qualifying Hedge Funds,Bermuda,2017Q3,0.017,Tab.3.1
Qualifying Hedge Funds,Other,2017Q3,0.02,Tab.3.1
Section 3 Liquidity Funds,United States,2017Q3,0.345,Tab.3.1
Section 3 Liquidity Funds,Cayman Islands,2017Q3,,Tab.3.1
Section 4 Private Equity Funds,United States,2017Q3,0.637,Tab.3.1
Section 4 Private Equity Funds,Cayman Islands,2017Q3,0.295,Tab.3.1
Section 4 Private Equity Funds,Canada,2017Q3,0.009,Tab.3.1
Section 4 Private Equity Funds,United Kingdom,2017Q3,0.02,Tab.3.1
Section 4 Private Equity Funds,Bermuda,2017Q3,0.011,Tab.3.1
Section 4 Private Equity Funds,Other,2017Q3,0.029,Tab.3.1
All Private Funds,United States,2017Q4,0.514,Tab.3.1
All Private Funds,Cayman Islands,2017Q4,0.354,Tab.3.1
All Private Funds,Luxembourg,2017Q4,0.019,Tab.3.1
All Private Funds,Ireland,2017Q4,0.044,Tab.3.1
All Private Funds,Bermuda,2017Q4,0.012,Tab.3.1
All Private Funds,United Kingdom,2017Q4,0.013,Tab.3.1
All Private Funds,"Virgin Islands, British",2017Q4,0.018,Tab.3.1
All Private Funds,Other,2017Q4,0.026,Tab.3.1
Qualifying Hedge Funds,Cayman Islands,2017Q4,0.513,Tab.3.1
Qualifying Hedge Funds,United States,2017Q4,0.358,Tab.3.1
Qualifying Hedge Funds,Luxembourg,2017Q4,0.019,Tab.3.1
Qualifying Hedge Funds,Ireland,2017Q4,0.029,Tab.3.1
Qualifying Hedge Funds,"Virgin Islands, British",2017Q4,0.045,Tab.3.1
Qualifying Hedge Funds,Bermuda,2017Q4,0.016,Tab.3.1
Qualifying Hedge Funds,Other,2017Q4,0.02,Tab.3.1
Section 3 Liquidity Funds,United States,2017Q4,0.349,Tab.3.1
Section 3 Liquidity Funds,Cayman Islands,2017Q4,,Tab.3.1
Section 4 Private Equity Funds,United States,2017Q4,0.607,Tab.3.1
Section 4 Private Equity Funds,Cayman Islands,2017Q4,0.304,Tab.3.1
Section 4 Private Equity Funds,Canada,2017Q4,0.01,Tab.3.1
Section 4 Private Equity Funds,United Kingdom,2017Q4,0.027,Tab.3.1
Section 4 Private Equity Funds,Bermuda,2017Q4,0.01,Tab.3.1
Section 4 Private Equity Funds,Other,2017Q4,0.042,Tab.3.1
All Private Funds,United States,2018Q1,0.51,Tab.3.1
All Private Funds,Cayman Islands,2018Q1,0.352,Tab.3.1
All Private Funds,Luxembourg,2018Q1,0.02,Tab.3.1
All Private Funds,Ireland,2018Q1,0.044,Tab.3.1
All Private Funds,Bermuda,2018Q1,0.012,Tab.3.1
All Private Funds,United Kingdom,2018Q1,0.013,Tab.3.1
All Private Funds,"Virgin Islands, British",2018Q1,0.018,Tab.3.1
All Private Funds,Other,2018Q1,0.029,Tab.3.1
Qualifying Hedge Funds,Cayman Islands,2018Q1,0.51,Tab.3.1
Qualifying Hedge Funds,United States,2018Q1,0.356,Tab.3.1
Qualifying Hedge Funds,Luxembourg,2018Q1,0.02,Tab.3.1
Qualifying Hedge Funds,Ireland,2018Q1,0.031,Tab.3.1
Qualifying Hedge Funds,"Virgin Islands, British",2018Q1,0.044,Tab.3.1
Qualifying Hedge Funds,Bermuda,2018Q1,0.017,Tab.3.1
Qualifying Hedge Funds,Other,2018Q1,0.021,Tab.3.1
Section 3 Liquidity Funds,United States,2018Q1,0.357,Tab.3.1
Section 3 Liquidity Funds,Cayman Islands,2018Q1,,Tab.3.1
Section 4 Private Equity Funds,United States,2018Q1,0.595,Tab.3.1
Section 4 Private Equity Funds,Cayman Islands,2018Q1,0.298,Tab.3.1
Section 4 Private Equity Funds,Canada,2018Q1,0.01,Tab.3.1
Section 4 Private Equity Funds,United Kingdom,2018Q1,0.029,Tab.3.1
Section 4 Private Equity Funds,Bermuda,2018Q1,0.011,Tab.3.1
Section 4 Private Equity Funds,Other,2018Q1,0.057,Tab.3.1
All Private Funds,United States,2018Q2,0.509,Tab.3.1
All Private Funds,Cayman Islands,2018Q2,0.352,Tab.3.1
All Private Funds,Luxembourg,2018Q2,0.022,Tab.3.1
All Private Funds,Ireland,2018Q2,0.045,Tab.3.1
All Private Funds,Bermuda,2018Q2,0.012,Tab.3.1
All Private Funds,United Kingdom,2018Q2,0.013,Tab.3.1
All Private Funds,"Virgin Islands, British",2018Q2,0.018,Tab.3.1
All Private Funds,Other,2018Q2,0.029,Tab.3.1
Qualifying Hedge Funds,Cayman Islands,2018Q2,0.509,Tab.3.1
Qualifying Hedge Funds,United States,2018Q2,0.355,Tab.3.1
Qualifying Hedge Funds,Luxembourg,2018Q2,0.024,Tab.3.1
Qualifying Hedge Funds,Ireland,2018Q2,0.032,Tab.3.1
Qualifying Hedge Funds,"Virgin Islands, British",2018Q2,0.044,Tab.3.1
Qualifying Hedge Funds,Bermuda,2018Q2,0.018,Tab.3.1
Qualifying Hedge Funds,Other,2018Q2,0.02,Tab.3.1
Section 3 Liquidity Funds,United States,2018Q2,0.368,Tab.3.1
Section 3 Liquidity Funds,Cayman Islands,2018Q2,,Tab.3.1
Section 4 Private Equity Funds,United States,2018Q2,0.595,Tab.3.1
Section 4 Private Equity Funds,Cayman Islands,2018Q2,0.298,Tab.3.1
Section 4 Private Equity Funds,Canada,2018Q2,0.01,Tab.3.1
Section 4 Private Equity Funds,United Kingdom,2018Q2,0.029,Tab.3.1
Section 4 Private Equity Funds,Bermuda,2018Q2,0.011,Tab.3.1
Section 4 Private Equity Funds,Other,2018Q2,0.057,Tab.3.1
All Private Funds,United States,2018Q3,0.509,Tab.3.1
All Private Funds,Cayman Islands,2018Q3,0.351,Tab.3.1
All Private Funds,Luxembourg,2018Q3,0.022,Tab.3.1
All Private Funds,Ireland,2018Q3,0.046,Tab.3.1
All Private Funds,Bermuda,2018Q3,0.012,Tab.3.1
All Private Funds,United Kingdom,2018Q3,0.013,Tab.3.1
All Private Funds,"Virgin Islands, British",2018Q3,0.017,Tab.3.1
All Private Funds,Other,2018Q3,0.03,Tab.3.1
Qualifying Hedge Funds,Cayman Islands,2018Q3,0.507,Tab.3.1
Qualifying Hedge Funds,United States,2018Q3,0.351,Tab.3.1
Qualifying Hedge Funds,Luxembourg,2018Q3,0.027,Tab.3.1
Qualifying Hedge Funds,Ireland,2018Q3,0.033,Tab.3.1
Qualifying Hedge Funds,"Virgin Islands, British",2018Q3,0.042,Tab.3.1
Qualifying Hedge Funds,Bermuda,2018Q3,0.018,Tab.3.1
Qualifying Hedge Funds,Other,2018Q3,0.022,Tab.3.1
Section 3 Liquidity Funds,United States,2018Q3,0.367,Tab.3.1
Section 3 Liquidity Funds,Cayman Islands,2018Q3,,Tab.3.1
Section 4 Private Equity Funds,United States,2018Q3,0.595,Tab.3.1
Section 4 Private Equity Funds,Cayman Islands,2018Q3,0.298,Tab.3.1
Section 4 Private Equity Funds,Canada,2018Q3,0.01,Tab.3.1
Section 4 Private Equity Funds,United Kingdom,2018Q3,0.029,Tab.3.1
Section 4 Private Equity Funds,Bermuda,2018Q3,0.011,Tab.3.1
Section 4 Private Equity Funds,Other,2018Q3,0.057,Tab.3.1
All Private Funds,United States,2018Q4,0.515,Tab.3.1
All Private Funds,Cayman Islands,2018Q4,0.339,Tab.3.1
All Private Funds,Luxembourg,2018Q4,0.029,Tab.3.1
All Private Funds,Ireland,2018Q4,0.046,Tab.3.1
All Private Funds,Bermuda,2018Q4,0.011,Tab.3.1
All Private Funds,United Kingdom,2018Q4,0.013,Tab.3.1
All Private Funds,"Virgin Islands, British",2018Q4,0.015,Tab.3.1
All Private Funds,Other,2018Q4,0.032,Tab.3.1
Qualifying Hedge Funds,Cayman Islands,2018Q4,0.506,Tab.3.1
Qualifying Hedge Funds,United States,2018Q4,0.356,Tab.3.1
Qualifying Hedge Funds,Luxembourg,2018Q4,0.026,Tab.3.1
Qualifying Hedge Funds,Ireland,2018Q4,0.032,Tab.3.1
Qualifying Hedge Funds,"Virgin Islands, British",2018Q4,0.041,Tab.3.1
Qualifying Hedge Funds,Bermuda,2018Q4,0.02,Tab.3.1
Qualifying Hedge Funds,Other,2018Q4,0.019,Tab.3.1
Section 3 Liquidity Funds,United States,2018Q4,0.328,Tab.3.1
Section 3 Liquidity Funds,Cayman Islands,2018Q4,,Tab.3.1
Section 4 Private Equity Funds,United States,2018Q4,0.569,Tab.3.1
Section 4 Private Equity Funds,Cayman Islands,2018Q4,0.306,Tab.3.1
Section 4 Private Equity Funds,Canada,2018Q4,0.011,Tab.3.1
Section 4 Private Equity Funds,United Kingdom,2018Q4,0.023,Tab.3.1
Section 4 Private Equity Funds,Bermuda,2018Q4,0.01,Tab.3.1
Section 4 Private Equity Funds,Other,2018Q4,0.082,Tab.3.1
All Private Funds,United States,2019Q1,0.506,Tab.3.1
All Private Funds,Cayman Islands,2019Q1,0.346,Tab.3.1
All Private Funds,Luxembourg,2019Q1,0.03,Tab.3.1
All Private Funds,Ireland,2019Q1,0.045,Tab.3.1
All Private Funds,Bermuda,2019Q1,0.011,Tab.3.1
All Private Funds,United Kingdom,2019Q1,0.012,Tab.3.1
All Private Funds,"Virgin Islands, British",2019Q1,0.015,Tab.3.1
All Private Funds,Other,2019Q1,0.036,Tab.3.1
Qualifying Hedge Funds,Cayman Islands,2019Q1,0.515,Tab.3.1
Qualifying Hedge Funds,United States,2019Q1,0.347,Tab.3.1
Qualifying Hedge Funds,Luxembourg,2019Q1,0.027,Tab.3.1
Qualifying Hedge Funds,Ireland,2019Q1,0.032,Tab.3.1
Qualifying Hedge Funds,"Virgin Islands, British",2019Q1,0.039,Tab.3.1
Qualifying Hedge Funds,Bermuda,2019Q1,0.019,Tab.3.1
Qualifying Hedge Funds,Other,2019Q1,0.02,Tab.3.1
Section 3 Liquidity Funds,United States,2019Q1,0.299,Tab.3.1
Section 3 Liquidity Funds,Cayman Islands,2019Q1,,Tab.3.1
Section 4 Private Equity Funds,United States,2019Q1,0.56,Tab.3.1
Section 4 Private Equity Funds,Cayman Islands,2019Q1,0.301,Tab.3.1
Section 4 Private Equity Funds,Canada,2019Q1,0.011,Tab.3.1
Section 4 Private Equity Funds,United Kingdom,2019Q1,0.023,Tab.3.1
Section 4 Private Equity Funds,Bermuda,2019Q1,0.009,Tab.3.1
Section 4 Private Equity Funds,Other,2019Q1,0.096,Tab.3.1
All Private Funds,United States,2019Q2,0.504,Tab.3.1
All Private Funds,Cayman Islands,2019Q2,0.348,Tab.3.1
All Private Funds,Luxembourg,2019Q2,0.03,Tab.3.1
All Private Funds,Ireland,2019Q2,0.045,Tab.3.1
All Private Funds,Bermuda,2019Q2,0.011,Tab.3.1
All Private Funds,United Kingdom,2019Q2,0.012,Tab.3.1
All Private Funds,"Virgin Islands, British",2019Q2,0.015,Tab.3.1
All Private Funds,Other,2019Q2,0.035,Tab.3.1
Qualifying Hedge Funds,Cayman Islands,2019Q2,0.52,Tab.3.1
Qualifying Hedge Funds,United States,2019Q2,0.345,Tab.3.1
Qualifying Hedge Funds,Luxembourg,2019Q2,0.028,Tab.3.1
Qualifying Hedge Funds,Ireland,2019Q2,0.032,Tab.3.1
Qualifying Hedge Funds,"Virgin Islands, British",2019Q2,0.039,Tab.3.1
Qualifying Hedge Funds,Bermuda,2019Q2,0.018,Tab.3.1
Qualifying Hedge Funds,Other,2019Q2,0.019,Tab.3.1
Section 3 Liquidity Funds,United States,2019Q2,0.296,Tab.3.1
Section 3 Liquidity Funds,Cayman Islands,2019Q2,,Tab.3.1
Section 4 Private Equity Funds,United States,2019Q2,0.56,Tab.3.1
Section 4 Private Equity Funds,Cayman Islands,2019Q2,0.301,Tab.3.1
Section 4 Private Equity Funds,Canada,2019Q2,0.011,Tab.3.1
Section 4 Private Equity Funds,United Kingdom,2019Q2,0.023,Tab.3.1
Section 4 Private Equity Funds,Bermuda,2019Q2,0.009,Tab.3.1
Section 4 Private Equity Funds,Other,2019Q2,0.096,Tab.3.1
All Private Funds,United States,2019Q3,0.505,Tab.3.1
All Private Funds,Cayman Islands,2019Q3,0.346,Tab.3.1
All Private Funds,Luxembourg,2019Q3,0.029,Tab.3.1
All Private Funds,Ireland,2019Q3,0.047,Tab.3.1
All Private Funds,Bermuda,2019Q3,0.012,Tab.3.1
All Private Funds,United Kingdom,2019Q3,0.012,Tab.3.1
All Private Funds,"Virgin Islands, British",2019Q3,0.015,Tab.3.1
All Private Funds,Other,2019Q3,0.035,Tab.3.1
Qualifying Hedge Funds,Cayman Islands,2019Q3,0.516,Tab.3.1
Qualifying Hedge Funds,United States,2019Q3,0.347,Tab.3.1
Qualifying Hedge Funds,Luxembourg,2019Q3,0.028,Tab.3.1
Qualifying Hedge Funds,Ireland,2019Q3,0.031,Tab.3.1
Qualifying Hedge Funds,"Virgin Islands, British",2019Q3,0.039,Tab.3.1
Qualifying Hedge Funds,Bermuda,2019Q3,0.021,Tab.3.1
Qualifying Hedge Funds,Other,2019Q3,0.019,Tab.3.1
Section 3 Liquidity Funds,United States,2019Q3,0.264,Tab.3.1
Section 3 Liquidity Funds,Cayman Islands,2019Q3,,Tab.3.1
Section 4 Private Equity Funds,United States,2019Q3,0.56,Tab.3.1
Section 4 Private Equity Funds,Cayman Islands,2019Q3,0.301,Tab.3.1
Section 4 Private Equity Funds,Canada,2019Q3,0.011,Tab.3.1
Section 4 Private Equity Funds,United Kingdom,2019Q3,0.023,Tab.3.1
Section 4 Private Equity Funds,Bermuda,2019Q3,0.009,Tab.3.1
Section 4 Private Equity Funds,Other,2019Q3,0.096,Tab.3.1
All Private Funds,United States,2019Q4,0.512,Tab.3.1
All Private Funds,Cayman Islands,2019Q4,0.345,Tab.3.1
All Private Funds,Luxembourg,2019Q4,0.032,Tab.3.1
All Private Funds,Ireland,2019Q4,0.046,Tab.3.1
All Private Funds,Bermuda,2019Q4,0.011,Tab.3.1
All Private Funds,United Kingdom,2019Q4,0.011,Tab.3.1
All Private Funds,"Virgin Islands, British",2019Q4,0.013,Tab.3.1
All Private Funds,Other,2019Q4,0.031,Tab.3.1
Qualifying Hedge Funds,Cayman Islands,2019Q4,0.515,Tab.3.1
Qualifying Hedge Funds,United States,2019Q4,0.35,Tab.3.1
Qualifying Hedge Funds,Luxembourg,2019Q4,0.027,Tab.3.1
Qualifying Hedge Funds,Ireland,2019Q4,0.032,Tab.3.1
Qualifying Hedge Funds,"Virgin Islands, British",2019Q4,0.036,Tab.3.1
Qualifying Hedge Funds,Bermuda,2019Q4,0.021,Tab.3.1
Qualifying Hedge Funds,Other,2019Q4,0.019,Tab.3.1
Section 3 Liquidity Funds,United States,2019Q4,0.221,Tab.3.1
Section 3 Liquidity Funds,Cayman Islands,2019Q4,,Tab.3.1
Section 4 Private Equity Funds,United States,2019Q4,0.562,Tab.3.1
Section 4 Private Equity Funds,Cayman Islands,2019Q4,0.32,Tab.3.1
Section 4 Private Equity Funds,Canada,2019Q4,0.017,Tab.3.1
Section 4 Private Equity Funds,United Kingdom,2019Q4,0.019,Tab.3.1
Section 4 Private Equity Funds,Bermuda,2019Q4,0.01,Tab.3.1
Section 4 Private Equity Funds,Other,2019Q4,0.072,Tab.3.1
All Private Funds,United States,2020Q1,0.514,Tab.3.1
All Private Funds,Cayman Islands,2020Q1,0.341,Tab.3.1
All Private Funds,Luxembourg,2020Q1,0.031,Tab.3.1
All Private Funds,Ireland,2020Q1,0.045,Tab.3.1
All Private Funds,Bermuda,2020Q1,0.011,Tab.3.1
All Private Funds,United Kingdom,2020Q1,0.01,Tab.3.1
All Private Funds,"Virgin Islands, British",2020Q1,0.011,Tab.3.1
All Private Funds,Other,2020Q1,0.037,Tab.3.1
Qualifying Hedge Funds,Cayman Islands,2020Q1,0.526,Tab.3.1
Qualifying Hedge Funds,United States,2020Q1,0.348,Tab.3.1
Qualifying Hedge Funds,Luxembourg,2020Q1,0.026,Tab.3.1
Qualifying Hedge Funds,Ireland,2020Q1,0.029,Tab.3.1
Qualifying Hedge Funds,"Virgin Islands, British",2020Q1,0.032,Tab.3.1
Qualifying Hedge Funds,Bermuda,2020Q1,0.022,Tab.3.1
Qualifying Hedge Funds,Other,2020Q1,0.017,Tab.3.1
Section 3 Liquidity Funds,United States,2020Q1,0.251,Tab.3.1
Section 3 Liquidity Funds,Cayman Islands,2020Q1,,Tab.3.1
Section 4 Private Equity Funds,United States,2020Q1,0.55,Tab.3.1
Section 4 Private Equity Funds,Cayman Islands,2020Q1,0.314,Tab.3.1
Section 4 Private Equity Funds,Canada,2020Q1,0.018,Tab.3.1
Section 4 Private Equity Funds,United Kingdom,2020Q1,0.017,Tab.3.1
Section 4 Private Equity Funds,Bermuda,2020Q1,0.01,Tab.3.1
Section 4 Private Equity Funds,Other,2020Q1,0.091,Tab.3.1
All Private Funds,United States,2020Q2,0.508,Tab.3.1
All Private Funds,Cayman Islands,2020Q2,0.346,Tab.3.1
All Private Funds,Luxembourg,2020Q2,0.031,Tab.3.1
All Private Funds,Ireland,2020Q2,0.046,Tab.3.1
All Private Funds,Bermuda,2020Q2,0.011,Tab.3.1
All Private Funds,United Kingdom,2020Q2,0.01,Tab.3.1
All Private Funds,"Virgin Islands, British",2020Q2,0.011,Tab.3.1
All Private Funds,Other,2020Q2,0.037,Tab.3.1
Qualifying Hedge Funds,Cayman Islands,2020Q2,0.526,Tab.3.1
Qualifying Hedge Funds,United States,2020Q2,0.35,Tab.3.1
Qualifying Hedge Funds,Luxembourg,2020Q2,0.025,Tab.3.1
Qualifying Hedge Funds,Ireland,2020Q2,0.031,Tab.3.1
Qualifying Hedge Funds,"Virgin Islands, British",2020Q2,0.03,Tab.3.1
Qualifying Hedge Funds,Bermuda,2020Q2,0.02,Tab.3.1
Qualifying Hedge Funds,Other,2020Q2,0.018,Tab.3.1
Section 3 Liquidity Funds,United States,2020Q2,0.241,Tab.3.1
Section 3 Liquidity Funds,Cayman Islands,2020Q2,,Tab.3.1
Section 4 Private Equity Funds,United States,2020Q2,0.551,Tab.3.1
Section 4 Private Equity Funds,Cayman Islands,2020Q2,0.313,Tab.3.1
Section 4 Private Equity Funds,Canada,2020Q2,0.018,Tab.3.1
Section 4 Private Equity Funds,United Kingdom,2020Q2,0.017,Tab.3.1
Section 4 Private Equity Funds,Bermuda,2020Q2,0.01,Tab.3.1
Section 4 Private Equity Funds,Other,2020Q2,0.091,Tab.3.1
All Private Funds,United States,2020Q3,0.503,Tab.3.1
All Private Funds,Cayman Islands,2020Q3,0.35,Tab.3.1
All Private Funds,Luxembourg,2020Q3,0.032,Tab.3.1
All Private Funds,Ireland,2020Q3,0.048,Tab.3.1
All Private Funds,Bermuda,2020Q3,0.01,Tab.3.1
All Private Funds,United Kingdom,2020Q3,0.01,Tab.3.1
All Private Funds,"Virgin Islands, British",2020Q3,0.011,Tab.3.1
All Private Funds,Other,2020Q3,0.036,Tab.3.1
Qualifying Hedge Funds,Cayman Islands,2020Q3,0.533,Tab.3.1
Qualifying Hedge Funds,United States,2020Q3,0.344,Tab.3.1
Qualifying Hedge Funds,Luxembourg,2020Q3,0.026,Tab.3.1
Qualifying Hedge Funds,Ireland,2020Q3,0.031,Tab.3.1
Qualifying Hedge Funds,"Virgin Islands, British",2020Q3,0.029,Tab.3.1
Qualifying Hedge Funds,Bermuda,2020Q3,0.019,Tab.3.1
Qualifying Hedge Funds,Other,2020Q3,0.018,Tab.3.1
Section 3 Liquidity Funds,United States,2020Q3,0.229,Tab.3.1
Section 3 Liquidity Funds,Cayman Islands,2020Q3,,Tab.3.1
Section 4 Private Equity Funds,United States,2020Q3,0.551,Tab.3.1
Section 4 Private Equity Funds,Cayman Islands,2020Q3,0.313,Tab.3.1
Section 4 Private Equity Funds,Canada,2020Q3,0.018,Tab.3.1
Section 4 Private Equity Funds,United Kingdom,2020Q3,0.017,Tab.3.1
Section 4 Private Equity Funds,Bermuda,2020Q3,0.01,Tab.3.1
Section 4 Private Equity Funds,Other,2020Q3,0.091,Tab.3.1
All Private Funds,United States,2020Q4,0.51,Tab.3.1
All Private Funds,Cayman Islands,2020Q4,0.344,Tab.3.1
All Private Funds,Luxembourg,2020Q4,0.037,Tab.3.1
All Private Funds,Ireland,2020Q4,0.043,Tab.3.1
All Private Funds,Bermuda,2020Q4,0.01,Tab.3.1
All Private Funds,United Kingdom,2020Q4,0.01,Tab.3.1
All Private Funds,"Virgin Islands, British",2020Q4,0.01,Tab.3.1
All Private Funds,Other,2020Q4,0.036,Tab.3.1
Qualifying Hedge Funds,Cayman Islands,2020Q4,0.535,Tab.3.1
Qualifying Hedge Funds,United States,2020Q4,0.34,Tab.3.1
Qualifying Hedge Funds,Luxembourg,2020Q4,0.027,Tab.3.1
Qualifying Hedge Funds,Ireland,2020Q4,0.032,Tab.3.1
Qualifying Hedge Funds,"Virgin Islands, British",2020Q4,0.028,Tab.3.1
Qualifying Hedge Funds,Bermuda,2020Q4,0.018,Tab.3.1
Qualifying Hedge Funds,Other,2020Q4,0.02,Tab.3.1
Section 3 Liquidity Funds,United States,2020Q4,0.255,Tab.3.1
Section 3 Liquidity Funds,Cayman Islands,2020Q4,,Tab.3.1
Section 4 Private Equity Funds,United States,2020Q4,0.563,Tab.3.1
Section 4 Private Equity Funds,Cayman Islands,2020Q4,0.296,Tab.3.1
Section 4 Private Equity Funds,Canada,2020Q4,0.022,Tab.3.1
Section 4 Private Equity Funds,United Kingdom,2020Q4,0.015,Tab.3.1
Section 4 Private Equity Funds,Bermuda,2020Q4,0.011,Tab.3.1
Section 4 Private Equity Funds,Other,2020Q4,0.093,Tab.3.1
All Private Funds,United States,2021Q1,0.509,Tab.3.1
All Private Funds,Cayman Islands,2021Q1,0.343,Tab.3.1
All Private Funds,Luxembourg,2021Q1,0.036,Tab.3.1
All Private Funds,Ireland,2021Q1,0.041,Tab.3.1
All Private Funds,Bermuda,2021Q1,0.01,Tab.3.1
All Private Funds,United Kingdom,2021Q1,0.01,Tab.3.1
All Private Funds,"Virgin Islands, British",2021Q1,0.01,Tab.3.1
All Private Funds,Other,2021Q1,0.042,Tab.3.1
Qualifying Hedge Funds,Cayman Islands,2021Q1,0.529,Tab.3.1
Qualifying Hedge Funds,United States,2021Q1,0.348,Tab.3.1
Qualifying Hedge Funds,Luxembourg,2021Q1,0.026,Tab.3.1
Qualifying Hedge Funds,Ireland,2021Q1,0.031,Tab.3.1
Qualifying Hedge Funds,"Virgin Islands, British",2021Q1,0.028,Tab.3.1
Qualifying Hedge Funds,Bermuda,2021Q1,0.017,Tab.3.1
Qualifying Hedge Funds,Other,2021Q1,0.021,Tab.3.1
Section 3 Liquidity Funds,United States,2021Q1,0.28,Tab.3.1
Section 3 Liquidity Funds,Cayman Islands,2021Q1,,Tab.3.1
Section 4 Private Equity Funds,United States,2021Q1,0.552,Tab.3.1
Section 4 Private Equity Funds,Cayman Islands,2021Q1,0.289,Tab.3.1
Section 4 Private Equity Funds,Canada,2021Q1,0.023,Tab.3.1
Section 4 Private Equity Funds,United Kingdom,2021Q1,0.015,Tab.3.1
Section 4 Private Equity Funds,Bermuda,2021Q1,0.011,Tab.3.1
Section 4 Private Equity Funds,Other,2021Q1,0.11,Tab.3.1
All Private Funds,United States,2021Q2,0.5,Tab.3.1
All Private Funds,Cayman Islands,2021Q2,0.343,Tab.3.1
All Private Funds,Luxembourg,2021Q2,0.037,Tab.3.1
All Private Funds,Ireland,2021Q2,0.041,Tab.3.1
All Private Funds,Bermuda,2021Q2,0.01,Tab.3.1
All Private Funds,United Kingdom,2021Q2,0.009,Tab.3.1
All Private Funds,"Virgin Islands, British",2021Q2,0.01,Tab.3.1
All Private Funds,Other,2021Q2,0.05,Tab.3.1
Qualifying Hedge Funds,Cayman Islands,2021Q2,0.517,Tab.3.1
Qualifying Hedge Funds,United States,2021Q2,0.339,Tab.3.1
Qualifying Hedge Funds,Luxembourg,2021Q2,0.025,Tab.3.1
Qualifying Hedge Funds,Ireland,2021Q2,0.032,Tab.3.1
Qualifying Hedge Funds,"Virgin Islands, British",2021Q2,0.027,Tab.3.1
Qualifying Hedge Funds,Bermuda,2021Q2,0.016,Tab.3.1
Qualifying Hedge Funds,Other,2021Q2,0.043,Tab.3.1
Section 3 Liquidity Funds,United States,2021Q2,0.278,Tab.3.1
Section 3 Liquidity Funds,Cayman Islands,2021Q2,,Tab.3.1
Section 4 Private Equity Funds,United States,2021Q2,0.552,Tab.3.1
Section 4 Private Equity Funds,Cayman Islands,2021Q2,0.289,Tab.3.1
Section 4 Private Equity Funds,Canada,2021Q2,0.023,Tab.3.1
Section 4 Private Equity Funds,United Kingdom,2021Q2,0.015,Tab.3.1
Section 4 Private Equity Funds,Bermuda,2021Q2,0.011,Tab.3.1
Section 4 Private Equity Funds,Other,2021Q2,0.111,Tab.3.1
All Private Funds,United States,2021Q3,0.495,Tab.3.1
All Private Funds,Cayman Islands,2021Q3,0.349,Tab.3.1
All Private Funds,Luxembourg,2021Q3,0.037,Tab.3.1
All Private Funds,Ireland,2021Q3,0.04,Tab.3.1
All Private Funds,Bermuda,2021Q3,0.01,Tab.3.1
All Private Funds,United Kingdom,2021Q3,0.009,Tab.3.1
All Private Funds,"Virgin Islands, British",2021Q3,0.01,Tab.3.1
All Private Funds,Other,2021Q3,0.05,Tab.3.1
Qualifying Hedge Funds,Cayman Islands,2021Q3,0.519,Tab.3.1
Qualifying Hedge Funds,United States,2021Q3,0.337,Tab.3.1
Qualifying Hedge Funds,Luxembourg,2021Q3,0.025,Tab.3.1
Qualifying Hedge Funds,Ireland,2021Q3,0.032,Tab.3.1
Qualifying Hedge Funds,"Virgin Islands, British",2021Q3,0.027,Tab.3.1
Qualifying Hedge Funds,Bermuda,2021Q3,0.015,Tab.3.1
Qualifying Hedge Funds,Other,2021Q3,0.044,Tab.3.1
Section 3 Liquidity Funds,United States,2021Q3,0.266,Tab.3.1
Section 3 Liquidity Funds,Cayman Islands,2021Q3,,Tab.3.1
Section 4 Private Equity Funds,United States,2021Q3,0.552,Tab.3.1
Section 4 Private Equity Funds,Cayman Islands,2021Q3,0.289,Tab.3.1
Section 4 Private Equity Funds,Canada,2021Q3,0.023,Tab.3.1
Section 4 Private Equity Funds,United Kingdom,2021Q3,0.015,Tab.3.1
Section 4 Private Equity Funds,Bermuda,2021Q3,0.011,Tab.3.1
Section 4 Private Equity Funds,Other,2021Q3,0.111,Tab.3.1
All Private Funds,United States,2021Q4,0.517,Tab.3.1
All Private Funds,Cayman Islands,2021Q4,0.328,Tab.3.1
All Private Funds,Luxembourg,2021Q4,0.041,Tab.3.1
All Private Funds,Ireland,2021Q4,0.039,Tab.3.1
All Private Funds,Bermuda,2021Q4,0.009,Tab.3.1
All Private Funds,United Kingdom,2021Q4,0.01,Tab.3.1
All Private Funds,"Virgin Islands, British",2021Q4,0.009,Tab.3.1
All Private Funds,Other,2021Q4,0.047,Tab.3.1
Qualifying Hedge Funds,Cayman Islands,2021Q4,0.519,Tab.3.1
Qualifying Hedge Funds,United States,2021Q4,0.341,Tab.3.1
Qualifying Hedge Funds,Luxembourg,2021Q4,0.024,Tab.3.1
Qualifying Hedge Funds,Ireland,2021Q4,0.032,Tab.3.1
Qualifying Hedge Funds,"Virgin Islands, British",2021Q4,0.026,Tab.3.1
Qualifying Hedge Funds,Bermuda,2021Q4,0.015,Tab.3.1
Qualifying Hedge Funds,Other,2021Q4,0.042,Tab.3.1
Section 3 Liquidity Funds,United States,2021Q4,0.276,Tab.3.1
Section 3 Liquidity Funds,Cayman Islands,2021Q4,,Tab.3.1
Section 4 Private Equity Funds,United States,2021Q4,0.561,Tab.3.1
Section 4 Private Equity Funds,Cayman Islands,2021Q4,0.292,Tab.3.1
Section 4 Private Equity Funds,Canada,2021Q4,0.021,Tab.3.1
Section 4 Private Equity Funds,United Kingdom,2021Q4,0.014,Tab.3.1
Section 4 Private Equity Funds,Bermuda,2021Q4,0.012,Tab.3.1
Section 4 Private Equity Funds,Other,2021Q4,0.099,Tab.3.1
All Private Funds,United States,2022Q1,0.522,Tab.3.1
All Private Funds,Cayman Islands,2022Q1,0.328,Tab.3.1
All Private Funds,Luxembourg,2022Q1,0.041,Tab.3.1
All Private Funds,Ireland,2022Q1,0.039,Tab.3.1
All Private Funds,Bermuda,2022Q1,0.01,Tab.3.1
All Private Funds,United Kingdom,2022Q1,0.009,Tab.3.1
All Private Funds,"Virgin Islands, British",2022Q1,0.009,Tab.3.1
All Private Funds,Other,2022Q1,0.043,Tab.3.1
Qualifying Hedge Funds,Cayman Islands,2022Q1,0.512,Tab.3.1
Qualifying Hedge Funds,United States,2022Q1,0.347,Tab.3.1
Qualifying Hedge Funds,Luxembourg,2022Q1,0.024,Tab.3.1
Qualifying Hedge Funds,Ireland,2022Q1,0.031,Tab.3.1
Qualifying Hedge Funds,"Virgin Islands, British",2022Q1,0.028,Tab.3.1
Qualifying Hedge Funds,Bermuda,2022Q1,0.017,Tab.3.1
Qualifying Hedge Funds,Other,2022Q1,0.041,Tab.3.1
Section 3 Liquidity Funds,United States,2022Q1,0.285,Tab.3.1
Section 3 Liquidity Funds,Cayman Islands,2022Q1,,Tab.3.1
Section 4 Private Equity Funds,United States,2022Q1,0.569,Tab.3.1
Section 4 Private Equity Funds,Cayman Islands,2022Q1,0.295,Tab.3.1
Section 4 Private Equity Funds,Canada,2022Q1,0.02,Tab.3.1
Section 4 Private Equity Funds,United Kingdom,2022Q1,0.014,Tab.3.1
Section 4 Private Equity Funds,Bermuda,2022Q1,0.012,Tab.3.1
Section 4 Private Equity Funds,Other,2022Q1,0.09,Tab.3.1
All Private Funds,United States,2022Q2,0.525,Tab.3.1
All Private Funds,Cayman Islands,2022Q2,0.324,Tab.3.1
All Private Funds,Luxembourg,2022Q2,0.041,Tab.3.1
All Private Funds,Ireland,2022Q2,0.039,Tab.3.1
All Private Funds,Bermuda,2022Q2,0.01,Tab.3.1
All Private Funds,United Kingdom,2022Q2,0.009,Tab.3.1
All Private Funds,"Virgin Islands, British",2022Q2,0.009,Tab.3.1
All Private Funds,Other,2022Q2,0.042,Tab.3.1
Qualifying Hedge Funds,Cayman Islands,2022Q2,0.525,Tab.3.1
Qualifying Hedge Funds,United States,2022Q2,0.355,Tab.3.1
Qualifying Hedge Funds,Luxembourg,2022Q2,0.024,Tab.3.1
Qualifying Hedge Funds,Ireland,2022Q2,0.03,Tab.3.1
Qualifying Hedge Funds,"Virgin Islands, British",2022Q2,0.031,Tab.3.1
Qualifying Hedge Funds,Bermuda,2022Q2,0.017,Tab.3.1
Qualifying Hedge Funds,Other,2022Q2,0.018,Tab.3.1
Section 3 Liquidity Funds,United States,2022Q2,0.273,Tab.3.1
Section 3 Liquidity Funds,Cayman Islands,2022Q2,,Tab.3.1
Section 4 Private Equity Funds,United States,2022Q2,0.57,Tab.3.1
Section 4 Private Equity Funds,Cayman Islands,2022Q2,0.295,Tab.3.1
Section 4 Private Equity Funds,Canada,2022Q2,0.02,Tab.3.1
Section 4 Private Equity Funds,United Kingdom,2022Q2,0.014,Tab.3.1
Section 4 Private Equity Funds,Bermuda,2022Q2,0.012,Tab.3.1
Section 4 Private Equity Funds,Other,2022Q2,0.09,Tab.3.1
All Private Funds,United States,2022Q3,0.528,Tab.3.1
All Private Funds,Cayman Islands,2022Q3,0.327,Tab.3.1
All Private Funds,Luxembourg,2022Q3,0.041,Tab.3.1
All Private Funds,Ireland,2022Q3,0.039,Tab.3.1
All Private Funds,Bermuda,2022Q3,0.01,Tab.3.1
All Private Funds,United Kingdom,2022Q3,0.009,Tab.3.1
All Private Funds,"Virgin Islands, British",2022Q3,0.009,Tab.3.1
All Private Funds,Other,2022Q3,0.036,Tab.3.1
Qualifying Hedge Funds,Cayman Islands,2022Q3,0.533,Tab.3.1
Qualifying Hedge Funds,United States,2022Q3,0.348,Tab.3.1
Qualifying Hedge Funds,Luxembourg,2022Q3,0.023,Tab.3.1
Qualifying Hedge Funds,Ireland,2022Q3,0.028,Tab.3.1
Qualifying Hedge Funds,"Virgin Islands, British",2022Q3,0.031,Tab.3.1
Qualifying Hedge Funds,Bermuda,2022Q3,0.019,Tab.3.1
Qualifying Hedge Funds,Other,2022Q3,0.017,Tab.3.1
Section 3 Liquidity Funds,United States,2022Q3,0.255,Tab.3.1
Section 3 Liquidity Funds,Cayman Islands,2022Q3,,Tab.3.1
Section 4 Private Equity Funds,United States,2022Q3,0.57,Tab.3.1
Section 4 Private Equity Funds,Cayman Islands,2022Q3,0.295,Tab.3.1
Section 4 Private Equity Funds,Canada,2022Q3,0.02,Tab.3.1
Section 4 Private Equity Funds,United Kingdom,2022Q3,0.014,Tab.3.1
Section 4 Private Equity Funds,Bermuda,2022Q3,0.012,Tab.3.1
Section 4 Private Equity Funds,Other,2022Q3,0.09,Tab.3.1
All Private Funds,United States,2022Q4,0.527,Tab.3.1
All Private Funds,Cayman Islands,2022Q4,0.321,Tab.3.1
All Private Funds,Luxembourg,2022Q4,0.05,Tab.3.1
All Private Funds,Ireland,2022Q4,0.036,Tab.3.1
All Private Funds,Bermuda,2022Q4,0.01,Tab.3.1
All Private Funds,United Kingdom,2022Q4,0.009,Tab.3.1
All Private Funds,"Virgin Islands, British",2022Q4,0.008,Tab.3.1
All Private Funds,Other,2022Q4,0.037,Tab.3.1
Qualifying Hedge Funds,Cayman Islands,2022Q4,0.526,Tab.3.1
Qualifying Hedge Funds,United States,2022Q4,0.355,Tab.3.1
Qualifying Hedge Funds,Luxembourg,2022Q4,0.027,Tab.3.1
Qualifying Hedge Funds,Ireland,2022Q4,0.03,Tab.3.1
Qualifying Hedge Funds,"Virgin Islands, British",2022Q4,0.029,Tab.3.1
Qualifying Hedge Funds,Bermuda,2022Q4,0.019,Tab.3.1
Qualifying Hedge Funds,Other,2022Q4,0.014,Tab.3.1
Section 3 Liquidity Funds,United States,2022Q4,0.237,Tab.3.1
Section 3 Liquidity Funds,Cayman Islands,2022Q4,,Tab.3.1
Section 4 Private Equity Funds,United States,2022Q4,0.562,Tab.3.1
Section 4 Private Equity Funds,Cayman Islands,2022Q4,0.28,Tab.3.1
Section 4 Private Equity Funds,Canada,2022Q4,0.021,Tab.3.1
Section 4 Private Equity Funds,United Kingdom,2022Q4,0.014,Tab.3.1
Section 4 Private Equity Funds,Bermuda,2022Q4,0.01,Tab.3.1
Section 4 Private Equity Funds,Other,2022Q4,0.113,Tab.3.1
All Private Funds,United States,2023Q1,0.525,Tab.3.1
All Private Funds,Cayman Islands,2023Q1,0.325,Tab.3.1
All Private Funds,Luxembourg,2023Q1,0.05,Tab.3.1
All Private Funds,Ireland,2023Q1,0.036,Tab.3.1
All Private Funds,Bermuda,2023Q1,0.01,Tab.3.1
All Private Funds,United Kingdom,2023Q1,0.009,Tab.3.1
All Private Funds,"Virgin Islands, British",2023Q1,0.008,Tab.3.1
All Private Funds,Other,2023Q1,0.036,Tab.3.1
Qualifying Hedge Funds,Cayman Islands,2023Q1,0.53,Tab.3.1
Qualifying Hedge Funds,United States,2023Q1,0.355,Tab.3.1
Qualifying Hedge Funds,Luxembourg,2023Q1,0.029,Tab.3.1
Qualifying Hedge Funds,Ireland,2023Q1,0.027,Tab.3.1
Qualifying Hedge Funds,"Virgin Islands, British",2023Q1,0.026,Tab.3.1
Qualifying Hedge Funds,Bermuda,2023Q1,0.017,Tab.3.1
Qualifying Hedge Funds,Other,2023Q1,0.016,Tab.3.1
Section 3 Liquidity Funds,United States,2023Q1,0.242,Tab.3.1
Section 3 Liquidity Funds,Cayman Islands,2023Q1,,Tab.3.1
Section 4 Private Equity Funds,United States,2023Q1,0.564,Tab.3.1
Section 4 Private Equity Funds,Cayman Islands,2023Q1,0.281,Tab.3.1
Section 4 Private Equity Funds,Canada,2023Q1,0.021,Tab.3.1
Section 4 Private Equity Funds,United Kingdom,2023Q1,0.014,Tab.3.1
Section 4 Private Equity Funds,Bermuda,2023Q1,0.01,Tab.3.1
Section 4 Private Equity Funds,Other,2023Q1,0.11,Tab.3.1
All Private Funds,United States,2023Q2,0.524,Tab.3.1
All Private Funds,Cayman Islands,2023Q2,0.327,Tab.3.1
All Private Funds,Luxembourg,2023Q2,0.049,Tab.3.1
All Private Funds,Ireland,2023Q2,0.036,Tab.3.1
All Private Funds,Bermuda,2023Q2,0.01,Tab.3.1
All Private Funds,United Kingdom,2023Q2,0.009,Tab.3.1
All Private Funds,"Virgin Islands, British",2023Q2,0.008,Tab.3.1
All Private Funds,Other,2023Q2,0.036,Tab.3.1
Qualifying Hedge Funds,Cayman Islands,2023Q2,0.533,Tab.3.1
Qualifying Hedge Funds,United States,2023Q2,0.352,Tab.3.1
Qualifying Hedge Funds,Luxembourg,2023Q2,0.03,Tab.3.1
Qualifying Hedge Funds,Ireland,2023Q2,0.027,Tab.3.1
Qualifying Hedge Funds,"Virgin Islands, British",2023Q2,0.025,Tab.3.1
Qualifying Hedge Funds,Bermuda,2023Q2,0.016,Tab.3.1
Qualifying Hedge Funds,Other,2023Q2,0.016,Tab.3.1
Section 3 Liquidity Funds,United States,2023Q2,0.238,Tab.3.1
Section 3 Liquidity Funds,Cayman Islands,2023Q2,,Tab.3.1
Section 4 Private Equity Funds,United States,2023Q2,0.564,Tab.3.1
Section 4 Private Equity Funds,Cayman Islands,2023Q2,0.28,Tab.3.1
Section 4 Private Equity Funds,Canada,2023Q2,0.021,Tab.3.1
Section 4 Private Equity Funds,United Kingdom,2023Q2,0.014,Tab.3.1
Section 4 Private Equity Funds,Bermuda,2023Q2,0.01,Tab.3.1
Section 4 Private Equity Funds,Other,2023Q2,0.11,Tab.3.1
All Private Funds,United States,2023Q3,0.524,Tab.3.1
All Private Funds,Cayman Islands,2023Q3,0.327,Tab.3.1
All Private Funds,Luxembourg,2023Q3,0.049,Tab.3.1
All Private Funds,Ireland,2023Q3,0.037,Tab.3.1
All Private Funds,Bermuda,2023Q3,0.01,Tab.3.1
All Private Funds,United Kingdom,2023Q3,0.009,Tab.3.1
All Private Funds,"Virgin Islands, British",2023Q3,0.008,Tab.3.1
All Private Funds,Other,2023Q3,0.036,Tab.3.1
Qualifying Hedge Funds,Cayman Islands,2023Q3,0.535,Tab.3.1
Qualifying Hedge Funds,United States,2023Q3,0.352,Tab.3.1
Qualifying Hedge Funds,Luxembourg,2023Q3,0.03,Tab.3.1
Qualifying Hedge Funds,Ireland,2023Q3,0.026,Tab.3.1
Qualifying Hedge Funds,"Virgin Islands, British",2023Q3,0.024,Tab.3.1
Qualifying Hedge Funds,Bermuda,2023Q3,0.017,Tab.3.1
Qualifying Hedge Funds,Other,2023Q3,0.016,Tab.3.1
Section 3 Liquidity Funds,United States,2023Q3,0.258,Tab.3.1
Section 3 Liquidity Funds,Cayman Islands,2023Q3,,Tab.3.1
Section 4 Private Equity Funds,United States,2023Q3,0.564,Tab.3.1
Section 4 Private Equity Funds,Cayman Islands,2023Q3,0.28,Tab.3.1
Section 4 Private Equity Funds,Canada,2023Q3,0.021,Tab.3.1
Section 4 Private Equity Funds,United Kingdom,2023Q3,0.014,Tab.3.1
Section 4 Private Equity Funds,Bermuda,2023Q3,0.01,Tab.3.1
Section 4 Private Equity Funds,Other,2023Q3,0.11,Tab.3.1
All Private Funds,United States,2023Q4,0.536,Tab.3.1
All Private Funds,Cayman Islands,2023Q4,0.316,Tab.3.1
All Private Funds,Luxembourg,2023Q4,0.049,Tab.3.1
All Private Funds,Ireland,2023Q4,0.034,Tab.3.1
All Private Funds,Bermuda,2023Q4,0.01,Tab.3.1
All Private Funds,United Kingdom,2023Q4,0.009,Tab.3.1
All Private Funds,"Virgin Islands, British",2023Q4,0.006,Tab.3.1
All Private Funds,Other,2023Q4,0.039,Tab.3.1
Qualifying Hedge Funds,Cayman Islands,2023Q4,0.54,Tab.3.1
Qualifying Hedge Funds,United States,2023Q4,0.354,Tab.3.1
Qualifying Hedge Funds,Luxembourg,2023Q4,0.028,Tab.3.1
Qualifying Hedge Funds,Ireland,2023Q4,0.025,Tab.3.1
Qualifying Hedge Funds,"Virgin Islands, British",2023Q4,0.022,Tab.3.1
Qualifying Hedge Funds,Bermuda,2023Q4,0.017,Tab.3.1
Qualifying Hedge Funds,Other,2023Q4,0.015,Tab.3.1
Section 3 Liquidity Funds,United States,2023Q4,0.215,Tab.3.1
Section 3 Liquidity Funds,Cayman Islands,2023Q4,,Tab.3.1
Section 4 Private Equity Funds,United States,2023Q4,0.579,Tab.3.1
Section 4 Private Equity Funds,Cayman Islands,2023Q4,0.274,Tab.3.1
Section 4 Private Equity Funds,Canada,2023Q4,0.022,Tab.3.1
Section 4 Private Equity Funds,United Kingdom,2023Q4,0.013,Tab.3.1
Section 4 Private Equity Funds,Bermuda,2023Q4,0.011,Tab.3.1
Section 4 Private Equity Funds,Other,2023Q4,0.1,Tab.3.1
All Private Funds,United States,2024Q1,0.537,Tab.3.1
All Private Funds,Cayman Islands,2024Q1,0.317,Tab.3.1
All Private Funds,Luxembourg,2024Q1,0.048,Tab.3.1
All Private Funds,Ireland,2024Q1,0.032,Tab.3.1
All Private Funds,Bermuda,2024Q1,0.011,Tab.3.1
All Private Funds,United Kingdom,2024Q1,0.009,Tab.3.1
All Private Funds,"Virgin Islands, British",2024Q1,0.006,Tab.3.1
All Private Funds,Other,2024Q1,0.039,Tab.3.1
Qualifying Hedge Funds,Cayman Islands,2024Q1,0.538,Tab.3.1
Qualifying Hedge Funds,United States,2024Q1,0.354,Tab.3.1
Qualifying Hedge Funds,Luxembourg,2024Q1,0.027,Tab.3.1
Qualifying Hedge Funds,Ireland,2024Q1,0.025,Tab.3.1
Qualifying Hedge Funds,"Virgin Islands, British",2024Q1,0.022,Tab.3.1
Qualifying Hedge Funds,Bermuda,2024Q1,0.016,Tab.3.1
Qualifying Hedge Funds,Other,2024Q1,0.017,Tab.3.1
Section 3 Liquidity Funds,United States,2024Q1,0.237,Tab.3.1
Section 3 Liquidity Funds,Cayman Islands,2024Q1,,Tab.3.1
Section 4 Private Equity Funds,United States,2024Q1,0.579,Tab.3.1
Section 4 Private Equity Funds,Cayman Islands,2024Q1,0.274,Tab.3.1
Section 4 Private Equity Funds,Canada,2024Q1,0.023,Tab.3.1
Section 4 Private Equity Funds,United Kingdom,2024Q1,0.013,Tab.3.1
Section 4 Private Equity Funds,Bermuda,2024Q1,0.011,Tab.3.1
Section 4 Private Equity Funds,Other,2024Q1,0.1,Tab.3.1
All Private Funds,United States,2024Q2,0.536,Tab.3.1
All Private Funds,Cayman Islands,2024Q2,0.317,Tab.3.1
All Private Funds,Luxembourg,2024Q2,0.049,Tab.3.1
All Private Funds,Ireland,2024Q2,0.033,Tab.3.1
All Private Funds,Bermuda,2024Q2,0.011,Tab.3.1
All Private Funds,United Kingdom,2024Q2,0.009,Tab.3.1
All Private Funds,"Virgin Islands, British",2024Q2,0.006,Tab.3.1
All Private Funds,Other,2024Q2,0.039,Tab.3.1
Qualifying Hedge Funds,Cayman Islands,2024Q2,0.537,Tab.3.1
Qualifying Hedge Funds,United States,2024Q2,0.356,Tab.3.1
Qualifying Hedge Funds,Luxembourg,2024Q2,0.027,Tab.3.1
Qualifying Hedge Funds,Ireland,2024Q2,0.026,Tab.3.1
Qualifying Hedge Funds,"Virgin Islands, British",2024Q2,0.021,Tab.3.1
Qualifying Hedge Funds,Bermuda,2024Q2,0.016,Tab.3.1
Qualifying Hedge Funds,Other,2024Q2,0.017,Tab.3.1
Section 3 Liquidity Funds,United States,2024Q2,0.224,Tab.3.1
Section 3 Liquidity Funds,Cayman Islands,2024Q2,,Tab.3.1
Section 4 Private Equity Funds,United States,2024Q2,0.579,Tab.3.1
Section 4 Private Equity Funds,Cayman Islands,2024Q2,0.274,Tab.3.1
Section 4 Private Equity Funds,Canada,2024Q2,0.023,Tab.3.1
Section 4 Private Equity Funds,United Kingdom,2024Q2,0.013,Tab.3.1
Section 4 Private Equity Funds,Bermuda,2024Q2,0.011,Tab.3.1
Section 4 Private Equity Funds,Other,2024Q2,0.1,Tab.3.1
All Private Funds,United States,2024Q3,0.534,Tab.3.1
All Private Funds,Cayman Islands,2024Q3,0.318,Tab.3.1
All Private Funds,Luxembourg,2024Q3,0.049,Tab.3.1
All Private Funds,Ireland,2024Q3,0.035,Tab.3.1
All Private Funds,Bermuda,2024Q3,0.011,Tab.3.1
All Private Funds,United Kingdom,2024Q3,0.009,Tab.3.1
All Private Funds,"Virgin Islands, British",2024Q3,0.006,Tab.3.1
All Private Funds,Other,2024Q3,0.039,Tab.3.1
Qualifying Hedge Funds,Cayman Islands,2024Q3,0.535,Tab.3.1
Qualifying Hedge Funds,United States,2024Q3,0.357,Tab.3.1
Qualifying Hedge Funds,Luxembourg,2024Q3,0.028,Tab.3.1
Qualifying Hedge Funds,Ireland,2024Q3,0.027,Tab.3.1
Qualifying Hedge Funds,"Virgin Islands, British",2024Q3,0.02,Tab.3.1
Qualifying Hedge Funds,Bermuda,2024Q3,0.016,Tab.3.1
Qualifying Hedge Funds,Other,2024Q3,0.016,Tab.3.1
Section 3 Liquidity Funds,United States,2024Q3,0.221,Tab.3.1
Section 3 Liquidity Funds,Cayman Islands,2024Q3,,Tab.3.1
Section 4 Private Equity Funds,United States,2024Q3,0.579,Tab.3.1
Section 4 Private Equity Funds,Cayman Islands,2024Q3,0.274,Tab.3.1
Section 4 Private Equity Funds,Canada,2024Q3,0.023,Tab.3.1
Section 4 Private Equity Funds,United Kingdom,2024Q3,0.013,Tab.3.1
Section 4 Private Equity Funds,Bermuda,2024Q3,0.011,Tab.3.1
Section 4 Private Equity Funds,Other,2024Q3,0.1,Tab.3.1
All Private Funds,United States,2024Q4,0.545,Tab.3.1
All Private Funds,Cayman Islands,2024Q4,0.307,Tab.3.1
All Private Funds,Luxembourg,2024Q4,0.05,Tab.3.1
All Private Funds,Ireland,2024Q4,0.034,Tab.3.1
All Private Funds,Bermuda,2024Q4,0.01,Tab.3.1
All Private Funds,United Kingdom,2024Q4,0.009,Tab.3.1
All Private Funds,"Virgin Islands, British",2024Q4,0.006,Tab.3.1
All Private Funds,Other,2024Q4,0.039,Tab.3.1
Qualifying Hedge Funds,Cayman Islands,2024Q4,0.54,Tab.3.1
Qualifying Hedge Funds,United States,2024Q4,0.358,Tab.3.1
Qualifying Hedge Funds,Luxembourg,2024Q4,0.027,Tab.3.1
Qualifying Hedge Funds,Ireland,2024Q4,0.026,Tab.3.1
Qualifying Hedge Funds,"Virgin Islands, British",2024Q4,0.02,Tab.3.1
Qualifying Hedge Funds,Bermuda,2024Q4,0.016,Tab.3.1
Qualifying Hedge Funds,Other,2024Q4,0.014,Tab.3.1
Section 3 Liquidity Funds,United States,2024Q4,0.203,Tab.3.1
Section 3 Liquidity Funds,Cayman Islands,2024Q4,,Tab.3.1
Section 4 Private Equity Funds,United States,2024Q4,0.604,Tab.3.1
Section 4 Private Equity Funds,Cayman Islands,2024Q4,0.247,Tab.3.1
Section 4 Private Equity Funds,Canada,2024Q4,0.025,Tab.3.1
Section 4 Private Equity Funds,United Kingdom,2024Q4,0.012,Tab.3.1
Section 4 Private Equity Funds,Bermuda,2024Q4,0.01,Tab.3.1
Section 4 Private Equity Funds,Other,2024Q4,0.102,Tab.3.1
All Private Funds,United States,2025Q1,0.545,Tab.3.1
All Private Funds,Cayman Islands,2025Q1,0.308,Tab.3.1
All Private Funds,Luxembourg,2025Q1,0.05,Tab.3.1
All Private Funds,Ireland,2025Q1,0.034,Tab.3.1
All Private Funds,Bermuda,2025Q1,0.01,Tab.3.1
All Private Funds,United Kingdom,2025Q1,0.009,Tab.3.1
All Private Funds,"Virgin Islands, British",2025Q1,0.006,Tab.3.1
All Private Funds,Other,2025Q1,0.038,Tab.3.1
Qualifying Hedge Funds,Cayman Islands,2025Q1,0.538,Tab.3.1
Qualifying Hedge Funds,United States,2025Q1,0.363,Tab.3.1
Qualifying Hedge Funds,Luxembourg,2025Q1,0.029,Tab.3.1
Qualifying Hedge Funds,Ireland,2025Q1,0.021,Tab.3.1
Qualifying Hedge Funds,"Virgin Islands, British",2025Q1,0.02,Tab.3.1
Qualifying Hedge Funds,Bermuda,2025Q1,0.015,Tab.3.1
Qualifying Hedge Funds,Other,2025Q1,0.015,Tab.3.1
Section 3 Liquidity Funds,United States,2025Q1,0.224,Tab.3.1
Section 3 Liquidity Funds,Cayman Islands,2025Q1,,Tab.3.1
Section 4 Private Equity Funds,United States,2025Q1,0.601,Tab.3.1
Section 4 Private Equity Funds,Cayman Islands,2025Q1,0.253,Tab.3.1
Section 4 Private Equity Funds,Canada,2025Q1,0.024,Tab.3.1
Section 4 Private Equity Funds,United Kingdom,2025Q1,0.012,Tab.3.1
Section 4 Private Equity Funds,Bermuda,2025Q1,0.01,Tab.3.1
Section 4 Private Equity Funds,Other,2025Q1,0.1,Tab.3.1
All Private Funds,United States,2013Q1,0.898,Tab.3.2
Qualifying Hedge Funds,United States,2013Q1,0.905,Tab.3.2
Qualifying Hedge Funds,United Kingdom,2013Q1,0.052,Tab.3.2
Qualifying Hedge Funds,Hong Kong,2013Q1,,Tab.3.2
Section 3 Liquidity Funds,United States,2013Q1,0.663,Tab.3.2
Section 4 Private Equity Funds,United States,2013Q1,0.981,Tab.3.2
All Private Funds,United States,2013Q2,0.894,Tab.3.2
Qualifying Hedge Funds,United States,2013Q2,0.897,Tab.3.2
Qualifying Hedge Funds,United Kingdom,2013Q2,0.057,Tab.3.2
Qualifying Hedge Funds,Hong Kong,2013Q2,,Tab.3.2
Section 3 Liquidity Funds,United States,2013Q2,0.664,Tab.3.2
Section 4 Private Equity Funds,United States,2013Q2,0.98,Tab.3.2
All Private Funds,United States,2013Q3,0.893,Tab.3.2
Qualifying Hedge Funds,United States,2013Q3,0.895,Tab.3.2
Qualifying Hedge Funds,United Kingdom,2013Q3,0.058,Tab.3.2
Qualifying Hedge Funds,Hong Kong,2013Q3,,Tab.3.2
Section 3 Liquidity Funds,United States,2013Q3,0.669,Tab.3.2
Section 4 Private Equity Funds,United States,2013Q3,0.98,Tab.3.2
All Private Funds,United States,2013Q4,0.9,Tab.3.2
Qualifying Hedge Funds,United States,2013Q4,0.895,Tab.3.2
Qualifying Hedge Funds,United Kingdom,2013Q4,0.055,Tab.3.2
Qualifying Hedge Funds,Hong Kong,2013Q4,,Tab.3.2
Section 3 Liquidity Funds,United States,2013Q4,0.668,Tab.3.2
Section 4 Private Equity Funds,United States,2013Q4,0.974,Tab.3.2
All Private Funds,United States,2014Q1,0.893,Tab.3.2
Qualifying Hedge Funds,United States,2014Q1,0.894,Tab.3.2
Qualifying Hedge Funds,United Kingdom,2014Q1,0.057,Tab.3.2
Qualifying Hedge Funds,Hong Kong,2014Q1,0.007,Tab.3.2
Section 3 Liquidity Funds,United States,2014Q1,0.672,Tab.3.2
Section 4 Private Equity Funds,United States,2014Q1,0.974,Tab.3.2
All Private Funds,United States,2014Q2,0.889,Tab.3.2
Qualifying Hedge Funds,United States,2014Q2,0.895,Tab.3.2
Qualifying Hedge Funds,United Kingdom,2014Q2,0.057,Tab.3.2
Qualifying Hedge Funds,Hong Kong,2014Q2,0.008,Tab.3.2
Section 3 Liquidity Funds,United States,2014Q2,0.685,Tab.3.2
Section 4 Private Equity Funds,United States,2014Q2,0.974,Tab.3.2
All Private Funds,United States,2014Q3,0.888,Tab.3.2
Qualifying Hedge Funds,United States,2014Q3,0.898,Tab.3.2
Qualifying Hedge Funds,United Kingdom,2014Q3,0.055,Tab.3.2
Qualifying Hedge Funds,Hong Kong,2014Q3,0.008,Tab.3.2
Section 3 Liquidity Funds,United States,2014Q3,0.653,Tab.3.2
Section 4 Private Equity Funds,United States,2014Q3,0.975,Tab.3.2
All Private Funds,United States,2014Q4,0.897,Tab.3.2
Qualifying Hedge Funds,United States,2014Q4,0.9,Tab.3.2
Qualifying Hedge Funds,United Kingdom,2014Q4,0.048,Tab.3.2
Qualifying Hedge Funds,Hong Kong,2014Q4,0.014,Tab.3.2
Section 3 Liquidity Funds,United States,2014Q4,0.636,Tab.3.2
Section 4 Private Equity Funds,United States,2014Q4,0.978,Tab.3.2
All Private Funds,United States,2015Q1,0.896,Tab.3.2
Qualifying Hedge Funds,United States,2015Q1,0.904,Tab.3.2
Qualifying Hedge Funds,United Kingdom,2015Q1,0.048,Tab.3.2
Qualifying Hedge Funds,Hong Kong,2015Q1,0.013,Tab.3.2
Section 3 Liquidity Funds,United States,2015Q1,0.656,Tab.3.2
Section 4 Private Equity Funds,United States,2015Q1,0.978,Tab.3.2
All Private Funds,United States,2015Q2,0.895,Tab.3.2
Qualifying Hedge Funds,United States,2015Q2,0.902,Tab.3.2
Qualifying Hedge Funds,United Kingdom,2015Q2,0.048,Tab.3.2
Qualifying Hedge Funds,Hong Kong,2015Q2,0.015,Tab.3.2
Section 3 Liquidity Funds,United States,2015Q2,0.64,Tab.3.2
Section 4 Private Equity Funds,United States,2015Q2,0.978,Tab.3.2
All Private Funds,United States,2015Q3,0.895,Tab.3.2
Qualifying Hedge Funds,United States,2015Q3,0.902,Tab.3.2
Qualifying Hedge Funds,United Kingdom,2015Q3,0.05,Tab.3.2
Qualifying Hedge Funds,Hong Kong,2015Q3,0.014,Tab.3.2
Section 3 Liquidity Funds,United States,2015Q3,0.649,Tab.3.2
Section 4 Private Equity Funds,United States,2015Q3,0.977,Tab.3.2
All Private Funds,United States,2015Q4,0.899,Tab.3.2
Qualifying Hedge Funds,United States,2015Q4,0.893,Tab.3.2
Qualifying Hedge Funds,United Kingdom,2015Q4,0.055,Tab.3.2
Qualifying Hedge Funds,Hong Kong,2015Q4,0.016,Tab.3.2
Section 3 Liquidity Funds,United States,2015Q4,0.574,Tab.3.2
Section 4 Private Equity Funds,United States,2015Q4,0.972,Tab.3.2
All Private Funds,United States,2016Q1,0.895,Tab.3.2
Qualifying Hedge Funds,United States,2016Q1,0.894,Tab.3.2
Qualifying Hedge Funds,United Kingdom,2016Q1,0.056,Tab.3.2
Qualifying Hedge Funds,Hong Kong,2016Q1,0.014,Tab.3.2
Section 3 Liquidity Funds,United States,2016Q1,0.584,Tab.3.2
Section 4 Private Equity Funds,United States,2016Q1,0.972,Tab.3.2
All Private Funds,United States,2016Q2,0.896,Tab.3.2
Qualifying Hedge Funds,United States,2016Q2,0.896,Tab.3.2
Qualifying Hedge Funds,United Kingdom,2016Q2,0.055,Tab.3.2
Qualifying Hedge Funds,Hong Kong,2016Q2,0.014,Tab.3.2
Section 3 Liquidity Funds,United States,2016Q2,0.592,Tab.3.2
Section 4 Private Equity Funds,United States,2016Q2,0.972,Tab.3.2
All Private Funds,United States,2016Q3,0.897,Tab.3.2
Qualifying Hedge Funds,United States,2016Q3,0.894,Tab.3.2
Qualifying Hedge Funds,United Kingdom,2016Q3,0.056,Tab.3.2
Qualifying Hedge Funds,Hong Kong,2016Q3,0.015,Tab.3.2
Section 3 Liquidity Funds,United States,2016Q3,0.639,Tab.3.2
Section 4 Private Equity Funds,United States,2016Q3,0.972,Tab.3.2
All Private Funds,United States,2016Q4,0.901,Tab.3.2
Qualifying Hedge Funds,United States,2016Q4,0.897,Tab.3.2
Qualifying Hedge Funds,United Kingdom,2016Q4,0.056,Tab.3.2
Qualifying Hedge Funds,Hong Kong,2016Q4,0.013,Tab.3.2
Section 3 Liquidity Funds,United States,2016Q4,0.624,Tab.3.2
Section 4 Private Equity Funds,United States,2016Q4,0.951,Tab.3.2
All Private Funds,United States,2017Q1,0.894,Tab.3.2
Qualifying Hedge Funds,United States,2017Q1,0.895,Tab.3.2
Qualifying Hedge Funds,United Kingdom,2017Q1,0.058,Tab.3.2
Qualifying Hedge Funds,Hong Kong,2017Q1,0.013,Tab.3.2
Section 3 Liquidity Funds,United States,2017Q1,0.64,Tab.3.2
Section 4 Private Equity Funds,United States,2017Q1,0.951,Tab.3.2
All Private Funds,United States,2017Q2,0.89,Tab.3.2
Qualifying Hedge Funds,United States,2017Q2,0.893,Tab.3.2
Qualifying Hedge Funds,United Kingdom,2017Q2,0.062,Tab.3.2
Qualifying Hedge Funds,Hong Kong,2017Q2,0.009,Tab.3.2
Section 3 Liquidity Funds,United States,2017Q2,0.639,Tab.3.2
Section 4 Private Equity Funds,United States,2017Q2,0.951,Tab.3.2
All Private Funds,United States,2017Q3,0.888,Tab.3.2
Qualifying Hedge Funds,United States,2017Q3,0.89,Tab.3.2
Qualifying Hedge Funds,United Kingdom,2017Q3,0.063,Tab.3.2
Qualifying Hedge Funds,Hong Kong,2017Q3,0.01,Tab.3.2
Section 3 Liquidity Funds,United States,2017Q3,0.628,Tab.3.2
Section 4 Private Equity Funds,United States,2017Q3,0.951,Tab.3.2
All Private Funds,United States,2017Q4,0.895,Tab.3.2
Qualifying Hedge Funds,United States,2017Q4,0.886,Tab.3.2
Qualifying Hedge Funds,United Kingdom,2017Q4,0.066,Tab.3.2
Qualifying Hedge Funds,Hong Kong,2017Q4,0.01,Tab.3.2
Section 3 Liquidity Funds,United States,2017Q4,0.626,Tab.3.2
Section 4 Private Equity Funds,United States,2017Q4,0.948,Tab.3.2
All Private Funds,United States,2018Q1,0.888,Tab.3.2
Qualifying Hedge Funds,United States,2018Q1,0.884,Tab.3.2
Qualifying Hedge Funds,United Kingdom,2018Q1,0.066,Tab.3.2
Qualifying Hedge Funds,Hong Kong,2018Q1,0.011,Tab.3.2
Section 3 Liquidity Funds,United States,2018Q1,0.65,Tab.3.2
Section 4 Private Equity Funds,United States,2018Q1,0.948,Tab.3.2
All Private Funds,United States,2018Q2,0.887,Tab.3.2
Qualifying Hedge Funds,United States,2018Q2,0.887,Tab.3.2
Qualifying Hedge Funds,United Kingdom,2018Q2,0.065,Tab.3.2
Qualifying Hedge Funds,Hong Kong,2018Q2,0.011,Tab.3.2
Section 3 Liquidity Funds,United States,2018Q2,0.652,Tab.3.2
Section 4 Private Equity Funds,United States,2018Q2,0.948,Tab.3.2
All Private Funds,United States,2018Q3,0.888,Tab.3.2
Qualifying Hedge Funds,United States,2018Q3,0.886,Tab.3.2
Qualifying Hedge Funds,United Kingdom,2018Q3,0.065,Tab.3.2
Qualifying Hedge Funds,Hong Kong,2018Q3,0.01,Tab.3.2
Section 3 Liquidity Funds,United States,2018Q3,0.648,Tab.3.2
Section 4 Private Equity Funds,United States,2018Q3,0.948,Tab.3.2
All Private Funds,United States,2018Q4,0.894,Tab.3.2
Qualifying Hedge Funds,United States,2018Q4,0.89,Tab.3.2
Qualifying Hedge Funds,United Kingdom,2018Q4,0.061,Tab.3.2
Qualifying Hedge Funds,Hong Kong,2018Q4,0.012,Tab.3.2
Section 3 Liquidity Funds,United States,2018Q4,0.629,Tab.3.2
Section 4 Private Equity Funds,United States,2018Q4,0.94,Tab.3.2
All Private Funds,United States,2019Q1,0.893,Tab.3.2
Qualifying Hedge Funds,United States,2019Q1,0.89,Tab.3.2
Qualifying Hedge Funds,United Kingdom,2019Q1,0.06,Tab.3.2
Qualifying Hedge Funds,Hong Kong,2019Q1,0.013,Tab.3.2
Section 3 Liquidity Funds,United States,2019Q1,0.604,Tab.3.2
Section 4 Private Equity Funds,United States,2019Q1,0.941,Tab.3.2
All Private Funds,United States,2019Q2,0.893,Tab.3.2
Qualifying Hedge Funds,United States,2019Q2,0.891,Tab.3.2
Qualifying Hedge Funds,United Kingdom,2019Q2,0.058,Tab.3.2
Qualifying Hedge Funds,Hong Kong,2019Q2,0.013,Tab.3.2
Section 3 Liquidity Funds,United States,2019Q2,0.614,Tab.3.2
Section 4 Private Equity Funds,United States,2019Q2,0.941,Tab.3.2
All Private Funds,United States,2019Q3,0.892,Tab.3.2
Qualifying Hedge Funds,United States,2019Q3,0.894,Tab.3.2
Qualifying Hedge Funds,United Kingdom,2019Q3,0.055,Tab.3.2
Qualifying Hedge Funds,Hong Kong,2019Q3,0.014,Tab.3.2
Section 3 Liquidity Funds,United States,2019Q3,0.569,Tab.3.2
Section 4 Private Equity Funds,United States,2019Q3,0.941,Tab.3.2
All Private Funds,United States,2019Q4,0.898,Tab.3.2
Qualifying Hedge Funds,United States,2019Q4,0.888,Tab.3.2
Qualifying Hedge Funds,United Kingdom,2019Q4,0.055,Tab.3.2
Qualifying Hedge Funds,Hong Kong,2019Q4,0.015,Tab.3.2
Section 3 Liquidity Funds,United States,2019Q4,0.547,Tab.3.2
Section 4 Private Equity Funds,United States,2019Q4,0.938,Tab.3.2
All Private Funds,United States,2020Q1,0.901,Tab.3.2
Qualifying Hedge Funds,United States,2020Q1,0.894,Tab.3.2
Qualifying Hedge Funds,United Kingdom,2020Q1,0.05,Tab.3.2
Qualifying Hedge Funds,Hong Kong,2020Q1,0.016,Tab.3.2
Section 3 Liquidity Funds,United States,2020Q1,0.562,Tab.3.2
Section 4 Private Equity Funds,United States,2020Q1,0.938,Tab.3.2
All Private Funds,United States,2020Q2,0.901,Tab.3.2
Qualifying Hedge Funds,United States,2020Q2,0.897,Tab.3.2
Qualifying Hedge Funds,United Kingdom,2020Q2,0.046,Tab.3.2
Qualifying Hedge Funds,Hong Kong,2020Q2,0.018,Tab.3.2
Section 3 Liquidity Funds,United States,2020Q2,0.544,Tab.3.2
Section 4 Private Equity Funds,United States,2020Q2,0.938,Tab.3.2
All Private Funds,United States,2020Q3,0.9,Tab.3.2
Qualifying Hedge Funds,United States,2020Q3,0.898,Tab.3.2
Qualifying Hedge Funds,United Kingdom,2020Q3,0.045,Tab.3.2
Qualifying Hedge Funds,Hong Kong,2020Q3,0.02,Tab.3.2
Section 3 Liquidity Funds,United States,2020Q3,0.53,Tab.3.2
Section 4 Private Equity Funds,United States,2020Q3,0.938,Tab.3.2
All Private Funds,United States,2020Q4,0.904,Tab.3.2
Qualifying Hedge Funds,United States,2020Q4,0.888,Tab.3.2
Qualifying Hedge Funds,United Kingdom,2020Q4,0.048,Tab.3.2
Qualifying Hedge Funds,Hong Kong,2020Q4,0.024,Tab.3.2
Section 3 Liquidity Funds,United States,2020Q4,0.549,Tab.3.2
Section 4 Private Equity Funds,United States,2020Q4,0.941,Tab.3.2
All Private Funds,United States,2021Q1,0.903,Tab.3.2
Qualifying Hedge Funds,United States,2021Q1,0.896,Tab.3.2
Qualifying Hedge Funds,United Kingdom,2021Q1,0.045,Tab.3.2
Qualifying Hedge Funds,Hong Kong,2021Q1,0.022,Tab.3.2
Section 3 Liquidity Funds,United States,2021Q1,0.572,Tab.3.2
Section 4 Private Equity Funds,United States,2021Q1,0.942,Tab.3.2
All Private Funds,United States,2021Q2,0.893,Tab.3.2
Qualifying Hedge Funds,United States,2021Q2,0.876,Tab.3.2
Qualifying Hedge Funds,United Kingdom,2021Q2,0.044,Tab.3.2
Qualifying Hedge Funds,Hong Kong,2021Q2,0.021,Tab.3.2
Section 3 Liquidity Funds,United States,2021Q2,0.575,Tab.3.2
Section 4 Private Equity Funds,United States,2021Q2,0.942,Tab.3.2
All Private Funds,United States,2021Q3,0.896,Tab.3.2
Qualifying Hedge Funds,United States,2021Q3,0.88,Tab.3.2
Qualifying Hedge Funds,United Kingdom,2021Q3,0.042,Tab.3.2
Qualifying Hedge Funds,Hong Kong,2021Q3,0.019,Tab.3.2
Section 3 Liquidity Funds,United States,2021Q3,0.579,Tab.3.2
Section 4 Private Equity Funds,United States,2021Q3,0.942,Tab.3.2
All Private Funds,United States,2021Q4,0.911,Tab.3.2
Qualifying Hedge Funds,United States,2021Q4,0.88,Tab.3.2
Qualifying Hedge Funds,United Kingdom,2021Q4,0.042,Tab.3.2
Qualifying Hedge Funds,Hong Kong,2021Q4,0.019,Tab.3.2
Section 3 Liquidity Funds,United States,2021Q4,0.579,Tab.3.2
Section 4 Private Equity Funds,United States,2021Q4,0.955,Tab.3.2
All Private Funds,United States,2022Q1,0.909,Tab.3.2
Qualifying Hedge Funds,United States,2022Q1,0.885,Tab.3.2
Qualifying Hedge Funds,United Kingdom,2022Q1,0.039,Tab.3.2
Qualifying Hedge Funds,Hong Kong,2022Q1,0.016,Tab.3.2
Section 3 Liquidity Funds,United States,2022Q1,0.568,Tab.3.2
Section 4 Private Equity Funds,United States,2022Q1,0.955,Tab.3.2
All Private Funds,United States,2022Q2,0.917,Tab.3.2
Qualifying Hedge Funds,United States,2022Q2,0.907,Tab.3.2
Qualifying Hedge Funds,United Kingdom,2022Q2,0.037,Tab.3.2
Qualifying Hedge Funds,Hong Kong,2022Q2,0.016,Tab.3.2
Section 3 Liquidity Funds,United States,2022Q2,0.593,Tab.3.2
Section 4 Private Equity Funds,United States,2022Q2,0.955,Tab.3.2
All Private Funds,United States,2022Q3,0.919,Tab.3.2
Qualifying Hedge Funds,United States,2022Q3,0.91,Tab.3.2
Qualifying Hedge Funds,United Kingdom,2022Q3,0.036,Tab.3.2
Qualifying Hedge Funds,Hong Kong,2022Q3,0.014,Tab.3.2
Section 3 Liquidity Funds,United States,2022Q3,0.571,Tab.3.2
Section 4 Private Equity Funds,United States,2022Q3,0.955,Tab.3.2
All Private Funds,United States,2022Q4,0.923,Tab.3.2
Qualifying Hedge Funds,United States,2022Q4,0.904,Tab.3.2
Qualifying Hedge Funds,United Kingdom,2022Q4,0.041,Tab.3.2
Qualifying Hedge Funds,Hong Kong,2022Q4,0.004,Tab.3.2
Section 3 Liquidity Funds,United States,2022Q4,0.532,Tab.3.2
Section 4 Private Equity Funds,United States,2022Q4,0.954,Tab.3.2
All Private Funds,United States,2023Q1,0.918,Tab.3.2
Qualifying Hedge Funds,United States,2023Q1,0.906,Tab.3.2
Qualifying Hedge Funds,United Kingdom,2023Q1,0.04,Tab.3.2
Qualifying Hedge Funds,Hong Kong,2023Q1,0.003,Tab.3.2
Section 3 Liquidity Funds,United States,2023Q1,0.525,Tab.3.2
Section 4 Private Equity Funds,United States,2023Q1,0.954,Tab.3.2
All Private Funds,United States,2023Q2,0.918,Tab.3.2
Qualifying Hedge Funds,United States,2023Q2,0.916,Tab.3.2
Qualifying Hedge Funds,United Kingdom,2023Q2,0.04,Tab.3.2
Qualifying Hedge Funds,Hong Kong,2023Q2,0.003,Tab.3.2
Section 3 Liquidity Funds,United States,2023Q2,0.515,Tab.3.2
Section 4 Private Equity Funds,United States,2023Q2,0.954,Tab.3.2
All Private Funds,United States,2023Q3,0.92,Tab.3.2
Qualifying Hedge Funds,United States,2023Q3,0.922,Tab.3.2
Qualifying Hedge Funds,United Kingdom,2023Q3,0.036,Tab.3.2
Qualifying Hedge Funds,Hong Kong,2023Q3,0.002,Tab.3.2
Section 3 Liquidity Funds,United States,2023Q3,0.558,Tab.3.2
Section 4 Private Equity Funds,United States,2023Q3,0.954,Tab.3.2
All Private Funds,United States,2023Q4,0.934,Tab.3.2
Qualifying Hedge Funds,United States,2023Q4,0.92,Tab.3.2
Qualifying Hedge Funds,United Kingdom,2023Q4,0.039,Tab.3.2
Qualifying Hedge Funds,Hong Kong,2023Q4,0.003,Tab.3.2
Section 3 Liquidity Funds,United States,2023Q4,0.531,Tab.3.2
Section 4 Private Equity Funds,United States,2023Q4,0.968,Tab.3.2
All Private Funds,United States,2024Q1,0.933,Tab.3.2
Qualifying Hedge Funds,United States,2024Q1,0.921,Tab.3.2
Qualifying Hedge Funds,United Kingdom,2024Q1,0.038,Tab.3.2
Qualifying Hedge Funds,Hong Kong,2024Q1,0.002,Tab.3.2
Section 3 Liquidity Funds,United States,2024Q1,0.559,Tab.3.2
Section 4 Private Equity Funds,United States,2024Q1,0.968,Tab.3.2
All Private Funds,United States,2024Q2,0.933,Tab.3.2
Qualifying Hedge Funds,United States,2024Q2,0.921,Tab.3.2
Qualifying Hedge Funds,United Kingdom,2024Q2,0.038,Tab.3.2
Qualifying Hedge Funds,Hong Kong,2024Q2,0.002,Tab.3.2
Section 3 Liquidity Funds,United States,2024Q2,0.563,Tab.3.2
Section 4 Private Equity Funds,United States,2024Q2,0.968,Tab.3.2
All Private Funds,United States,2024Q3,0.931,Tab.3.2
Qualifying Hedge Funds,United States,2024Q3,0.92,Tab.3.2
Qualifying Hedge Funds,United Kingdom,2024Q3,0.038,Tab.3.2
Qualifying Hedge Funds,Hong Kong,2024Q3,0.002,Tab.3.2
Section 3 Liquidity Funds,United States,2024Q3,0.569,Tab.3.2
Section 4 Private Equity Funds,United States,2024Q3,0.968,Tab.3.2
All Private Funds,United States,2024Q4,0.939,Tab.3.2
Qualifying Hedge Funds,United States,2024Q4,0.921,Tab.3.2
Qualifying Hedge Funds,United Kingdom,2024Q4,0.037,Tab.3.2
Qualifying Hedge Funds,Hong Kong,2024Q4,,Tab.3.2
Section 3 Liquidity Funds,United States,2024Q4,0.564,Tab.3.2
Section 4 Private Equity Funds,United States,2024Q4,0.968,Tab.3.2
All Private Funds,United States,2025Q1,0.936,Tab.3.2
Qualifying Hedge Funds,United States,2025Q1,0.925,Tab.3.2
Qualifying Hedge Funds,United Kingdom,2025Q1,0.036,Tab.3.2
Qualifying Hedge Funds,Hong Kong,2025Q1,,Tab.3.2
Section 3 Liquidity Funds,United States,2025Q1,0.566,Tab.3.2
Section 4 Private Equity Funds,United States,2025Q1,0.969,Tab.3.2
