category,quarter,amount,table
Level 1,2013Q1,2563,Tab.2.14
Level 2,2013Q1,1925,Tab.2.14
Level 3,2013Q1,1962,Tab.2.14
Cost-Based,2013Q1,819,Tab.2.14
Level 1,2013Q2,2413,Tab.2.14
Level 2,2013Q2,2089,Tab.2.14
Level 3,2013Q2,1982,Tab.2.14
Cost-Based,2013Q2,857,Tab.2.14
Level 1,2013Q3,2436,Tab.2.14
Level 2,2013Q3,1986,Tab.2.14
Level 3,2013Q3,2007,Tab.2.14
Cost-Based,2013Q3,857,Tab.2.14
Level 1,2013Q4,2598,Tab.2.14
Level 2,2013Q4,2366,Tab.2.14
Level 3,2013Q4,2168,Tab.2.14
Cost-Based,2013Q4,1300,Tab.2.14
Level 1,2014Q1,2590,Tab.2.14
Level 2,2014Q1,2380,Tab.2.14
Level 3,2014Q1,2167,Tab.2.14
Cost-Based,2014Q1,1306,Tab.2.14
Level 1,2014Q2,2623,Tab.2.14
Level 2,2014Q2,2379,Tab.2.14
Level 3,2014Q2,2183,Tab.2.14
Cost-Based,2014Q2,1298,Tab.2.14
Level 1,2014Q3,2626,Tab.2.14
Level 2,2014Q3,2382,Tab.2.14
Level 3,2014Q3,2175,Tab.2.14
Cost-Based,2014Q3,1302,Tab.2.14
Level 1,2014Q4,2826,Tab.2.14
Level 2,2014Q4,2628,Tab.2.14
Level 3,2014Q4,2225,Tab.2.14
Cost-Based,2014Q4,1485,Tab.2.14
Level 1,2015Q1,2833,Tab.2.14
Level 2,2015Q1,2652,Tab.2.14
Level 3,2015Q1,2230,Tab.2.14
Cost-Based,2015Q1,1494,Tab.2.14
Level 1,2015Q2,2830,Tab.2.14
Level 2,2015Q2,2691,Tab.2.14
Level 3,2015Q2,2241,Tab.2.14
Cost-Based,2015Q2,1498,Tab.2.14
Level 1,2015Q3,2797,Tab.2.14
Level 2,2015Q3,2704,Tab.2.14
Level 3,2015Q3,2221,Tab.2.14
Cost-Based,2015Q3,1494,Tab.2.14
Level 1,2015Q4,2758,Tab.2.14
Level 2,2015Q4,2452,Tab.2.14
Level 3,2015Q4,2350,Tab.2.14
Cost-Based,2015Q4,1761,Tab.2.14
Level 1,2016Q1,2718,Tab.2.14
Level 2,2016Q1,2489,Tab.2.14
Level 3,2016Q1,2357,Tab.2.14
Cost-Based,2016Q1,1782,Tab.2.14
Level 1,2016Q2,2729,Tab.2.14
Level 2,2016Q2,2437,Tab.2.14
Level 3,2016Q2,2360,Tab.2.14
Cost-Based,2016Q2,1785,Tab.2.14
Level 1,2016Q3,2745,Tab.2.14
Level 2,2016Q3,2431,Tab.2.14
Level 3,2016Q3,2357,Tab.2.14
Cost-Based,2016Q3,1781,Tab.2.14
Level 1,2016Q4,2870,Tab.2.14
Level 2,2016Q4,2549,Tab.2.14
Level 3,2016Q4,2594,Tab.2.14
Cost-Based,2016Q4,1980,Tab.2.14
Level 1,2017Q1,2878,Tab.2.14
Level 2,2017Q1,2544,Tab.2.14
Level 3,2017Q1,2613,Tab.2.14
Cost-Based,2017Q1,1967,Tab.2.14
Level 1,2017Q2,2882,Tab.2.14
Level 2,2017Q2,2536,Tab.2.14
Level 3,2017Q2,2620,Tab.2.14
Cost-Based,2017Q2,1998,Tab.2.14
Level 1,2017Q3,2880,Tab.2.14
Level 2,2017Q3,2572,Tab.2.14
Level 3,2017Q3,2617,Tab.2.14
Cost-Based,2017Q3,2001,Tab.2.14
Level 1,2017Q4,3265,Tab.2.14
Level 2,2017Q4,2761,Tab.2.14
Level 3,2017Q4,2900,Tab.2.14
Cost-Based,2017Q4,2267,Tab.2.14
Level 1,2018Q1,3317,Tab.2.14
Level 2,2018Q1,2743,Tab.2.14
Level 3,2018Q1,2954,Tab.2.14
Cost-Based,2018Q1,2257,Tab.2.14
Level 1,2018Q2,3316,Tab.2.14
Level 2,2018Q2,2771,Tab.2.14
Level 3,2018Q2,2965,Tab.2.14
Cost-Based,2018Q2,2278,Tab.2.14
Level 1,2018Q3,3343,Tab.2.14
Level 2,2018Q3,2775,Tab.2.14
Level 3,2018Q3,2974,Tab.2.14
Cost-Based,2018Q3,2304,Tab.2.14
Level 1,2018Q4,3235,Tab.2.14
Level 2,2018Q4,2959,Tab.2.14
Level 3,2018Q4,3404,Tab.2.14
Cost-Based,2018Q4,2508,Tab.2.14
Level 1,2019Q1,3259,Tab.2.14
Level 2,2019Q1,2978,Tab.2.14
Level 3,2019Q1,3475,Tab.2.14
Cost-Based,2019Q1,2548,Tab.2.14
Level 1,2019Q2,3279,Tab.2.14
Level 2,2019Q2,3043,Tab.2.14
Level 3,2019Q2,3474,Tab.2.14
Cost-Based,2019Q2,2555,Tab.2.14
Level 1,2019Q3,3240,Tab.2.14
Level 2,2019Q3,3045,Tab.2.14
Level 3,2019Q3,3469,Tab.2.14
Cost-Based,2019Q3,2548,Tab.2.14
Level 1,2019Q4,3834,Tab.2.14
Level 2,2019Q4,3483,Tab.2.14
Level 3,2019Q4,4058,Tab.2.14
Cost-Based,2019Q4,2364,Tab.2.14
Level 1,2020Q1,3801,Tab.2.14
Level 2,2020Q1,3507,Tab.2.14
Level 3,2020Q1,4111,Tab.2.14
Cost-Based,2020Q1,2349,Tab.2.14
Level 1,2020Q2,3809,Tab.2.14
Level 2,2020Q2,3497,Tab.2.14
Level 3,2020Q2,4115,Tab.2.14
Cost-Based,2020Q2,2340,Tab.2.14
Level 1,2020Q3,3821,Tab.2.14
Level 2,2020Q3,3516,Tab.2.14
Level 3,2020Q3,4126,Tab.2.14
Cost-Based,2020Q3,2336,Tab.2.14
Level 1,2020Q4,4239,Tab.2.14
Level 2,2020Q4,3649,Tab.2.14
Level 3,2020Q4,5077,Tab.2.14
Cost-Based,2020Q4,2340,Tab.2.14
Level 1,2021Q1,4275,Tab.2.14
Level 2,2021Q1,3631,Tab.2.14
Level 3,2021Q1,5178,Tab.2.14
Cost-Based,2021Q1,2346,Tab.2.14
Level 1,2021Q2,4310,Tab.2.14
Level 2,2021Q2,3641,Tab.2.14
Level 3,2021Q2,5209,Tab.2.14
Cost-Based,2021Q2,2340,Tab.2.14
Level 1,2021Q3,4379,Tab.2.14
Level 2,2021Q3,3643,Tab.2.14
Level 3,2021Q3,5279,Tab.2.14
Cost-Based,2021Q3,2330,Tab.2.14
Level 1,2021Q4,4678,Tab.2.14
Level 2,2021Q4,3838,Tab.2.14
Level 3,2021Q4,6812,Tab.2.14
Cost-Based,2021Q4,2848,Tab.2.14
Level 1,2022Q1,4647,Tab.2.14
Level 2,2022Q1,3823,Tab.2.14
Level 3,2022Q1,6841,Tab.2.14
Cost-Based,2022Q1,2872,Tab.2.14
Level 1,2022Q2,4599,Tab.2.14
Level 2,2022Q2,3830,Tab.2.14
Level 3,2022Q2,6852,Tab.2.14
Cost-Based,2022Q2,2854,Tab.2.14
Level 1,2022Q3,4571,Tab.2.14
Level 2,2022Q3,3795,Tab.2.14
Level 3,2022Q3,6813,Tab.2.14
Cost-Based,2022Q3,2863,Tab.2.14
Level 1,2022Q4,4143,Tab.2.14
Level 2,2022Q4,3590,Tab.2.14
Level 3,2022Q4,7573,Tab.2.14
Cost-Based,2022Q4,3005,Tab.2.14
Level 1,2023Q1,4078,Tab.2.14
Level 2,2023Q1,3556,Tab.2.14
Level 3,2023Q1,7480,Tab.2.14
Cost-Based,2023Q1,2985,Tab.2.14
Level 1,2023Q2,4056,Tab.2.14
Level 2,2023Q2,3508,Tab.2.14
Level 3,2023Q2,7484,Tab.2.14
Cost-Based,2023Q2,2982,Tab.2.14
Level 1,2023Q3,4051,Tab.2.14
Level 2,2023Q3,3511,Tab.2.14
Level 3,2023Q3,7473,Tab.2.14
Cost-Based,2023Q3,2989,Tab.2.14
Level 1,2023Q4,4846,Tab.2.14
Level 2,2023Q4,3831,Tab.2.14
Level 3,2023Q4,8327,Tab.2.14
Cost-Based,2023Q4,3317,Tab.2.14
Level 1,2024Q1,4872,Tab.2.14
Level 2,2024Q1,3850,Tab.2.14
Level 3,2024Q1,8362,Tab.2.14
Cost-Based,2024Q1,3310,Tab.2.14
Level 1,2024Q2,4877,Tab.2.14
Level 2,2024Q2,3855,Tab.2.14
Level 3,2024Q2,8373,Tab.2.14
Cost-Based,2024Q2,3306,Tab.2.14
Level 1,2024Q3,4897,Tab.2.14
Level 2,2024Q3,3876,Tab.2.14
Level 3,2024Q3,8375,Tab.2.14
Cost-Based,2024Q3,3325,Tab.2.14
Level 1,2024Q4,5551,Tab.2.14
Level 2,2024Q4,4080,Tab.2.14
Level 3,2024Q4,9139,Tab.2.14
Cost-Based,2024Q4,3316,Tab.2.14
Level 1,2025Q1,5564,Tab.2.14
Level 2,2025Q1,4098,Tab.2.14
Level 3,2025Q1,9161,Tab.2.14
Cost-Based,2025Q1,3336,Tab.2.14
Level 1,2013Q1,999,Tab.2.15
Level 2,2013Q1,378,Tab.2.15
Level 3,2013Q1,103,Tab.2.15
Cost-Based,2013Q1,521,Tab.2.15
Level 1,2013Q2,999,Tab.2.15
Level 2,2013Q2,425,Tab.2.15
Level 3,2013Q2,103,Tab.2.15
Cost-Based,2013Q2,538,Tab.2.15
Level 1,2013Q3,1006,Tab.2.15
Level 2,2013Q3,430,Tab.2.15
Level 3,2013Q3,112,Tab.2.15
Cost-Based,2013Q3,540,Tab.2.15
Level 1,2013Q4,931,Tab.2.15
Level 2,2013Q4,504,Tab.2.15
Level 3,2013Q4,133,Tab.2.15
Cost-Based,2013Q4,890,Tab.2.15
Level 1,2014Q1,937,Tab.2.15
Level 2,2014Q1,516,Tab.2.15
Level 3,2014Q1,134,Tab.2.15
Cost-Based,2014Q1,888,Tab.2.15
Level 1,2014Q2,943,Tab.2.15
Level 2,2014Q2,499,Tab.2.15
Level 3,2014Q2,134,Tab.2.15
Cost-Based,2014Q2,881,Tab.2.15
Level 1,2014Q3,939,Tab.2.15
Level 2,2014Q3,501,Tab.2.15
Level 3,2014Q3,128,Tab.2.15
Cost-Based,2014Q3,883,Tab.2.15
Level 1,2014Q4,1106,Tab.2.15
Level 2,2014Q4,645,Tab.2.15
Level 3,2014Q4,133,Tab.2.15
Cost-Based,2014Q4,1052,Tab.2.15
Level 1,2015Q1,1110,Tab.2.15
Level 2,2015Q1,647,Tab.2.15
Level 3,2015Q1,135,Tab.2.15
Cost-Based,2015Q1,1057,Tab.2.15
Level 1,2015Q2,1098,Tab.2.15
Level 2,2015Q2,682,Tab.2.15
Level 3,2015Q2,140,Tab.2.15
Cost-Based,2015Q2,1060,Tab.2.15
Level 1,2015Q3,1100,Tab.2.15
Level 2,2015Q3,689,Tab.2.15
Level 3,2015Q3,149,Tab.2.15
Cost-Based,2015Q3,1060,Tab.2.15
Level 1,2015Q4,987,Tab.2.15
Level 2,2015Q4,683,Tab.2.15
Level 3,2015Q4,162,Tab.2.15
Cost-Based,2015Q4,1177,Tab.2.15
Level 1,2016Q1,984,Tab.2.15
Level 2,2016Q1,705,Tab.2.15
Level 3,2016Q1,163,Tab.2.15
Cost-Based,2016Q1,1206,Tab.2.15
Level 1,2016Q2,988,Tab.2.15
Level 2,2016Q2,647,Tab.2.15
Level 3,2016Q2,163,Tab.2.15
Cost-Based,2016Q2,1217,Tab.2.15
Level 1,2016Q3,986,Tab.2.15
Level 2,2016Q3,650,Tab.2.15
Level 3,2016Q3,162,Tab.2.15
Cost-Based,2016Q3,1222,Tab.2.15
Level 1,2016Q4,1126,Tab.2.15
Level 2,2016Q4,678,Tab.2.15
Level 3,2016Q4,204,Tab.2.15
Cost-Based,2016Q4,1327,Tab.2.15
Level 1,2017Q1,1132,Tab.2.15
Level 2,2017Q1,681,Tab.2.15
Level 3,2017Q1,204,Tab.2.15
Cost-Based,2017Q1,1327,Tab.2.15
Level 1,2017Q2,1131,Tab.2.15
Level 2,2017Q2,684,Tab.2.15
Level 3,2017Q2,208,Tab.2.15
Cost-Based,2017Q2,1333,Tab.2.15
Level 1,2017Q3,1140,Tab.2.15
Level 2,2017Q3,696,Tab.2.15
Level 3,2017Q3,204,Tab.2.15
Cost-Based,2017Q3,1337,Tab.2.15
Level 1,2017Q4,1261,Tab.2.15
Level 2,2017Q4,888,Tab.2.15
Level 3,2017Q4,191,Tab.2.15
Cost-Based,2017Q4,1489,Tab.2.15
Level 1,2018Q1,1263,Tab.2.15
Level 2,2018Q1,881,Tab.2.15
Level 3,2018Q1,193,Tab.2.15
Cost-Based,2018Q1,1486,Tab.2.15
Level 1,2018Q2,1260,Tab.2.15
Level 2,2018Q2,890,Tab.2.15
Level 3,2018Q2,193,Tab.2.15
Cost-Based,2018Q2,1497,Tab.2.15
Level 1,2018Q3,1267,Tab.2.15
Level 2,2018Q3,902,Tab.2.15
Level 3,2018Q3,194,Tab.2.15
Cost-Based,2018Q3,1502,Tab.2.15
Level 1,2018Q4,1216,Tab.2.15
Level 2,2018Q4,1011,Tab.2.15
Level 3,2018Q4,195,Tab.2.15
Cost-Based,2018Q4,2082,Tab.2.15
Level 1,2019Q1,1222,Tab.2.15
Level 2,2019Q1,1026,Tab.2.15
Level 3,2019Q1,197,Tab.2.15
Cost-Based,2019Q1,2102,Tab.2.15
Level 1,2019Q2,1230,Tab.2.15
Level 2,2019Q2,1063,Tab.2.15
Level 3,2019Q2,200,Tab.2.15
Cost-Based,2019Q2,2113,Tab.2.15
Level 1,2019Q3,1223,Tab.2.15
Level 2,2019Q3,1053,Tab.2.15
Level 3,2019Q3,202,Tab.2.15
Cost-Based,2019Q3,2108,Tab.2.15
Level 1,2019Q4,1269,Tab.2.15
Level 2,2019Q4,1030,Tab.2.15
Level 3,2019Q4,263,Tab.2.15
Cost-Based,2019Q4,2228,Tab.2.15
Level 1,2020Q1,1283,Tab.2.15
Level 2,2020Q1,1065,Tab.2.15
Level 3,2020Q1,267,Tab.2.15
Cost-Based,2020Q1,2235,Tab.2.15
Level 1,2020Q2,1274,Tab.2.15
Level 2,2020Q2,1056,Tab.2.15
Level 3,2020Q2,266,Tab.2.15
Cost-Based,2020Q2,2225,Tab.2.15
Level 1,2020Q3,1284,Tab.2.15
Level 2,2020Q3,1063,Tab.2.15
Level 3,2020Q3,266,Tab.2.15
Cost-Based,2020Q3,2225,Tab.2.15
Level 1,2020Q4,1334,Tab.2.15
Level 2,2020Q4,1189,Tab.2.15
Level 3,2020Q4,294,Tab.2.15
Cost-Based,2020Q4,2068,Tab.2.15
Level 1,2021Q1,1334,Tab.2.15
Level 2,2021Q1,1167,Tab.2.15
Level 3,2021Q1,296,Tab.2.15
Cost-Based,2021Q1,2082,Tab.2.15
Level 1,2021Q2,1338,Tab.2.15
Level 2,2021Q2,1171,Tab.2.15
Level 3,2021Q2,303,Tab.2.15
Cost-Based,2021Q2,2076,Tab.2.15
Level 1,2021Q3,1340,Tab.2.15
Level 2,2021Q3,1189,Tab.2.15
Level 3,2021Q3,338,Tab.2.15
Cost-Based,2021Q3,2072,Tab.2.15
Level 1,2021Q4,1689,Tab.2.15
Level 2,2021Q4,1358,Tab.2.15
Level 3,2021Q4,377,Tab.2.15
Cost-Based,2021Q4,2273,Tab.2.15
Level 1,2022Q1,1689,Tab.2.15
Level 2,2022Q1,1345,Tab.2.15
Level 3,2022Q1,377,Tab.2.15
Cost-Based,2022Q1,2270,Tab.2.15
Level 1,2022Q2,1682,Tab.2.15
Level 2,2022Q2,1365,Tab.2.15
Level 3,2022Q2,340,Tab.2.15
Cost-Based,2022Q2,2270,Tab.2.15
Level 1,2022Q3,1688,Tab.2.15
Level 2,2022Q3,1323,Tab.2.15
Level 3,2022Q3,342,Tab.2.15
Cost-Based,2022Q3,2277,Tab.2.15
Level 1,2022Q4,1569,Tab.2.15
Level 2,2022Q4,1489,Tab.2.15
Level 3,2022Q4,377,Tab.2.15
Cost-Based,2022Q4,2531,Tab.2.15
Level 1,2023Q1,1574,Tab.2.15
Level 2,2023Q1,1468,Tab.2.15
Level 3,2023Q1,377,Tab.2.15
Cost-Based,2023Q1,2525,Tab.2.15
Level 1,2023Q2,1575,Tab.2.15
Level 2,2023Q2,1434,Tab.2.15
Level 3,2023Q2,391,Tab.2.15
Cost-Based,2023Q2,2526,Tab.2.15
Level 1,2023Q3,1578,Tab.2.15
Level 2,2023Q3,1441,Tab.2.15
Level 3,2023Q3,381,Tab.2.15
Cost-Based,2023Q3,2520,Tab.2.15
Level 1,2023Q4,1854,Tab.2.15
Level 2,2023Q4,1548,Tab.2.15
Level 3,2023Q4,410,Tab.2.15
Cost-Based,2023Q4,3451,Tab.2.15
Level 1,2024Q1,1856,Tab.2.15
Level 2,2024Q1,1657,Tab.2.15
Level 3,2024Q1,416,Tab.2.15
Cost-Based,2024Q1,3453,Tab.2.15
Level 1,2024Q2,1858,Tab.2.15
Level 2,2024Q2,1640,Tab.2.15
Level 3,2024Q2,415,Tab.2.15
Cost-Based,2024Q2,3463,Tab.2.15
Level 1,2024Q3,1862,Tab.2.15
Level 2,2024Q3,1713,Tab.2.15
Level 3,2024Q3,410,Tab.2.15
Cost-Based,2024Q3,3472,Tab.2.15
Level 1,2024Q4,2021,Tab.2.15
Level 2,2024Q4,1758,Tab.2.15
Level 3,2024Q4,431,Tab.2.15
Cost-Based,2024Q4,3711,Tab.2.15
Level 1,2025Q1,2024,Tab.2.15
Level 2,2025Q1,1775,Tab.2.15
Level 3,2025Q1,428,Tab.2.15
Cost-Based,2025Q1,3711,Tab.2.15
Level 1,2013Q1,2136,Tab.2.16
Level 2,2013Q1,1271,Tab.2.16
Level 3,2013Q1,484,Tab.2.16
Cost-Based,2013Q1,397,Tab.2.16
Level 1,2013Q2,1971,Tab.2.16
Level 2,2013Q2,1430,Tab.2.16
Level 3,2013Q2,492,Tab.2.16
Cost-Based,2013Q2,429,Tab.2.16
Level 1,2013Q3,1982,Tab.2.16
Level 2,2013Q3,1320,Tab.2.16
Level 3,2013Q3,500,Tab.2.16
Cost-Based,2013Q3,428,Tab.2.16
Level 1,2013Q4,2111,Tab.2.16
Level 2,2013Q4,1559,Tab.2.16
Level 3,2013Q4,536,Tab.2.16
Cost-Based,2013Q4,943,Tab.2.16
Level 1,2014Q1,2099,Tab.2.16
Level 2,2014Q1,1571,Tab.2.16
Level 3,2014Q1,540,Tab.2.16
Cost-Based,2014Q1,948,Tab.2.16
Level 1,2014Q2,2132,Tab.2.16
Level 2,2014Q2,1565,Tab.2.16
Level 3,2014Q2,556,Tab.2.16
Cost-Based,2014Q2,941,Tab.2.16
Level 1,2014Q3,2138,Tab.2.16
Level 2,2014Q3,1565,Tab.2.16
Level 3,2014Q3,561,Tab.2.16
Cost-Based,2014Q3,946,Tab.2.16
Level 1,2014Q4,2312,Tab.2.16
Level 2,2014Q4,1701,Tab.2.16
Level 3,2014Q4,570,Tab.2.16
Cost-Based,2014Q4,1112,Tab.2.16
Level 1,2015Q1,2315,Tab.2.16
Level 2,2015Q1,1720,Tab.2.16
Level 3,2015Q1,581,Tab.2.16
Cost-Based,2015Q1,1119,Tab.2.16
Level 1,2015Q2,2312,Tab.2.16
Level 2,2015Q2,1760,Tab.2.16
Level 3,2015Q2,588,Tab.2.16
Cost-Based,2015Q2,1121,Tab.2.16
Level 1,2015Q3,2286,Tab.2.16
Level 2,2015Q3,1770,Tab.2.16
Level 3,2015Q3,592,Tab.2.16
Cost-Based,2015Q3,1119,Tab.2.16
Level 1,2015Q4,2228,Tab.2.16
Level 2,2015Q4,1611,Tab.2.16
Level 3,2015Q4,637,Tab.2.16
Cost-Based,2015Q4,1245,Tab.2.16
Level 1,2016Q1,2192,Tab.2.16
Level 2,2016Q1,1645,Tab.2.16
Level 3,2016Q1,641,Tab.2.16
Cost-Based,2016Q1,1267,Tab.2.16
Level 1,2016Q2,2202,Tab.2.16
Level 2,2016Q2,1592,Tab.2.16
Level 3,2016Q2,646,Tab.2.16
Cost-Based,2016Q2,1265,Tab.2.16
Level 1,2016Q3,2216,Tab.2.16
Level 2,2016Q3,1587,Tab.2.16
Level 3,2016Q3,658,Tab.2.16
Cost-Based,2016Q3,1263,Tab.2.16
Level 1,2016Q4,2334,Tab.2.16
Level 2,2016Q4,1642,Tab.2.16
Level 3,2016Q4,669,Tab.2.16
Cost-Based,2016Q4,1378,Tab.2.16
Level 1,2017Q1,2336,Tab.2.16
Level 2,2017Q1,1638,Tab.2.16
Level 3,2017Q1,679,Tab.2.16
Cost-Based,2017Q1,1377,Tab.2.16
Level 1,2017Q2,2335,Tab.2.16
Level 2,2017Q2,1644,Tab.2.16
Level 3,2017Q2,686,Tab.2.16
Cost-Based,2017Q2,1418,Tab.2.16
Level 1,2017Q3,2346,Tab.2.16
Level 2,2017Q3,1673,Tab.2.16
Level 3,2017Q3,710,Tab.2.16
Cost-Based,2017Q3,1421,Tab.2.16
Level 1,2017Q4,2666,Tab.2.16
Level 2,2017Q4,1817,Tab.2.16
Level 3,2017Q4,750,Tab.2.16
Cost-Based,2017Q4,1602,Tab.2.16
Level 1,2018Q1,2701,Tab.2.16
Level 2,2018Q1,1805,Tab.2.16
Level 3,2018Q1,761,Tab.2.16
Cost-Based,2018Q1,1591,Tab.2.16
Level 1,2018Q2,2700,Tab.2.16
Level 2,2018Q2,1825,Tab.2.16
Level 3,2018Q2,770,Tab.2.16
Cost-Based,2018Q2,1608,Tab.2.16
Level 1,2018Q3,2701,Tab.2.16
Level 2,2018Q3,1829,Tab.2.16
Level 3,2018Q3,773,Tab.2.16
Cost-Based,2018Q3,1634,Tab.2.16
Level 1,2018Q4,2610,Tab.2.16
Level 2,2018Q4,1970,Tab.2.16
Level 3,2018Q4,860,Tab.2.16
Cost-Based,2018Q4,1763,Tab.2.16
Level 1,2019Q1,2635,Tab.2.16
Level 2,2019Q1,1992,Tab.2.16
Level 3,2019Q1,868,Tab.2.16
Cost-Based,2019Q1,1775,Tab.2.16
Level 1,2019Q2,2660,Tab.2.16
Level 2,2019Q2,2048,Tab.2.16
Level 3,2019Q2,868,Tab.2.16
Cost-Based,2019Q2,1782,Tab.2.16
Level 1,2019Q3,2643,Tab.2.16
Level 2,2019Q3,2044,Tab.2.16
Level 3,2019Q3,859,Tab.2.16
Cost-Based,2019Q3,1770,Tab.2.16
Level 1,2019Q4,2877,Tab.2.16
Level 2,2019Q4,2353,Tab.2.16
Level 3,2019Q4,1004,Tab.2.16
Cost-Based,2019Q4,1534,Tab.2.16
Level 1,2020Q1,2865,Tab.2.16
Level 2,2020Q1,2376,Tab.2.16
Level 3,2020Q1,1001,Tab.2.16
Cost-Based,2020Q1,1523,Tab.2.16
Level 1,2020Q2,2875,Tab.2.16
Level 2,2020Q2,2364,Tab.2.16
Level 3,2020Q2,1007,Tab.2.16
Cost-Based,2020Q2,1508,Tab.2.16
Level 1,2020Q3,2886,Tab.2.16
Level 2,2020Q3,2377,Tab.2.16
Level 3,2020Q3,1016,Tab.2.16
Cost-Based,2020Q3,1498,Tab.2.16
Level 1,2020Q4,3185,Tab.2.16
Level 2,2020Q4,2361,Tab.2.16
Level 3,2020Q4,1116,Tab.2.16
Cost-Based,2020Q4,1445,Tab.2.16
Level 1,2021Q1,3205,Tab.2.16
Level 2,2021Q1,2338,Tab.2.16
Level 3,2021Q1,1115,Tab.2.16
Cost-Based,2021Q1,1448,Tab.2.16
Level 1,2021Q2,3222,Tab.2.16
Level 2,2021Q2,2345,Tab.2.16
Level 3,2021Q2,1132,Tab.2.16
Cost-Based,2021Q2,1459,Tab.2.16
Level 1,2021Q3,3296,Tab.2.16
Level 2,2021Q3,2379,Tab.2.16
Level 3,2021Q3,1205,Tab.2.16
Cost-Based,2021Q3,1459,Tab.2.16
Level 1,2021Q4,3600,Tab.2.16
Level 2,2021Q4,2369,Tab.2.16
Level 3,2021Q4,1483,Tab.2.16
Cost-Based,2021Q4,1789,Tab.2.16
Level 1,2022Q1,3567,Tab.2.16
Level 2,2022Q1,2363,Tab.2.16
Level 3,2022Q1,1504,Tab.2.16
Cost-Based,2022Q1,1810,Tab.2.16
Level 1,2022Q2,3532,Tab.2.16
Level 2,2022Q2,2374,Tab.2.16
Level 3,2022Q2,1507,Tab.2.16
Cost-Based,2022Q2,1792,Tab.2.16
Level 1,2022Q3,3525,Tab.2.16
Level 2,2022Q3,2338,Tab.2.16
Level 3,2022Q3,1463,Tab.2.16
Cost-Based,2022Q3,1793,Tab.2.16
Level 1,2022Q4,3201,Tab.2.16
Level 2,2022Q4,2242,Tab.2.16
Level 3,2022Q4,1603,Tab.2.16
Cost-Based,2022Q4,1880,Tab.2.16
Level 1,2023Q1,3142,Tab.2.16
Level 2,2023Q1,2206,Tab.2.16
Level 3,2023Q1,1601,Tab.2.16
Cost-Based,2023Q1,1849,Tab.2.16
Level 1,2023Q2,3142,Tab.2.16
Level 2,2023Q2,2169,Tab.2.16
Level 3,2023Q2,1606,Tab.2.16
Cost-Based,2023Q2,1841,Tab.2.16
Level 1,2023Q3,3138,Tab.2.16
Level 2,2023Q3,2176,Tab.2.16
Level 3,2023Q3,1598,Tab.2.16
Cost-Based,2023Q3,1839,Tab.2.16
Level 1,2023Q4,3923,Tab.2.16
Level 2,2023Q4,2421,Tab.2.16
Level 3,2023Q4,1734,Tab.2.16
Cost-Based,2023Q4,2122,Tab.2.16
Level 1,2024Q1,3949,Tab.2.16
Level 2,2024Q1,2440,Tab.2.16
Level 3,2024Q1,1739,Tab.2.16
Cost-Based,2024Q1,2133,Tab.2.16
Level 1,2024Q2,3953,Tab.2.16
Level 2,2024Q2,2450,Tab.2.16
Level 3,2024Q2,1746,Tab.2.16
Cost-Based,2024Q2,2125,Tab.2.16
Level 1,2024Q3,3973,Tab.2.16
Level 2,2024Q3,2465,Tab.2.16
Level 3,2024Q3,1756,Tab.2.16
Cost-Based,2024Q3,2140,Tab.2.16
Level 1,2024Q4,4617,Tab.2.16
Level 2,2024Q4,2626,Tab.2.16
Level 3,2024Q4,1834,Tab.2.16
Cost-Based,2024Q4,2112,Tab.2.16
Level 1,2025Q1,4640,Tab.2.16
Level 2,2025Q1,2639,Tab.2.16
Level 3,2025Q1,1855,Tab.2.16
Cost-Based,2025Q1,2118,Tab.2.16
Level 1,2013Q1,981,Tab.2.17
Level 2,2013Q1,339,Tab.2.17
Level 3,2013Q1,20,Tab.2.17
Cost-Based,2013Q1,280,Tab.2.17
Level 1,2013Q2,982,Tab.2.17
Level 2,2013Q2,385,Tab.2.17
Level 3,2013Q2,19,Tab.2.17
Cost-Based,2013Q2,296,Tab.2.17
Level 1,2013Q3,987,Tab.2.17
Level 2,2013Q3,390,Tab.2.17
Level 3,2013Q3,20,Tab.2.17
Cost-Based,2013Q3,298,Tab.2.17
Level 1,2013Q4,916,Tab.2.17
Level 2,2013Q4,466,Tab.2.17
Level 3,2013Q4,19,Tab.2.17
Cost-Based,2013Q4,650,Tab.2.17
Level 1,2014Q1,922,Tab.2.17
Level 2,2014Q1,478,Tab.2.17
Level 3,2014Q1,20,Tab.2.17
Cost-Based,2014Q1,648,Tab.2.17
Level 1,2014Q2,928,Tab.2.17
Level 2,2014Q2,461,Tab.2.17
Level 3,2014Q2,20,Tab.2.17
Cost-Based,2014Q2,640,Tab.2.17
Level 1,2014Q3,925,Tab.2.17
Level 2,2014Q3,465,Tab.2.17
Level 3,2014Q3,22,Tab.2.17
Cost-Based,2014Q3,642,Tab.2.17
Level 1,2014Q4,1091,Tab.2.17
Level 2,2014Q4,586,Tab.2.17
Level 3,2014Q4,25,Tab.2.17
Cost-Based,2014Q4,754,Tab.2.17
Level 1,2015Q1,1095,Tab.2.17
Level 2,2015Q1,587,Tab.2.17
Level 3,2015Q1,26,Tab.2.17
Cost-Based,2015Q1,760,Tab.2.17
Level 1,2015Q2,1082,Tab.2.17
Level 2,2015Q2,621,Tab.2.17
Level 3,2015Q2,31,Tab.2.17
Cost-Based,2015Q2,763,Tab.2.17
Level 1,2015Q3,1085,Tab.2.17
Level 2,2015Q3,627,Tab.2.17
Level 3,2015Q3,40,Tab.2.17
Cost-Based,2015Q3,764,Tab.2.17
Level 1,2015Q4,970,Tab.2.17
Level 2,2015Q4,626,Tab.2.17
Level 3,2015Q4,33,Tab.2.17
Cost-Based,2015Q4,800,Tab.2.17
Level 1,2016Q1,968,Tab.2.17
Level 2,2016Q1,648,Tab.2.17
Level 3,2016Q1,34,Tab.2.17
Cost-Based,2016Q1,829,Tab.2.17
Level 1,2016Q2,972,Tab.2.17
Level 2,2016Q2,590,Tab.2.17
Level 3,2016Q2,34,Tab.2.17
Cost-Based,2016Q2,839,Tab.2.17
Level 1,2016Q3,970,Tab.2.17
Level 2,2016Q3,592,Tab.2.17
Level 3,2016Q3,34,Tab.2.17
Cost-Based,2016Q3,843,Tab.2.17
Level 1,2016Q4,1105,Tab.2.17
Level 2,2016Q4,626,Tab.2.17
Level 3,2016Q4,56,Tab.2.17
Cost-Based,2016Q4,920,Tab.2.17
Level 1,2017Q1,1110,Tab.2.17
Level 2,2017Q1,630,Tab.2.17
Level 3,2017Q1,56,Tab.2.17
Cost-Based,2017Q1,919,Tab.2.17
Level 1,2017Q2,1110,Tab.2.17
Level 2,2017Q2,633,Tab.2.17
Level 3,2017Q2,58,Tab.2.17
Cost-Based,2017Q2,927,Tab.2.17
Level 1,2017Q3,1118,Tab.2.17
Level 2,2017Q3,645,Tab.2.17
Level 3,2017Q3,57,Tab.2.17
Cost-Based,2017Q3,930,Tab.2.17
Level 1,2017Q4,1236,Tab.2.17
Level 2,2017Q4,836,Tab.2.17
Level 3,2017Q4,38,Tab.2.17
Cost-Based,2017Q4,1033,Tab.2.17
Level 1,2018Q1,1238,Tab.2.17
Level 2,2018Q1,829,Tab.2.17
Level 3,2018Q1,38,Tab.2.17
Cost-Based,2018Q1,1034,Tab.2.17
Level 1,2018Q2,1235,Tab.2.17
Level 2,2018Q2,837,Tab.2.17
Level 3,2018Q2,38,Tab.2.17
Cost-Based,2018Q2,1040,Tab.2.17
Level 1,2018Q3,1243,Tab.2.17
Level 2,2018Q3,845,Tab.2.17
Level 3,2018Q3,39,Tab.2.17
Cost-Based,2018Q3,1046,Tab.2.17
Level 1,2018Q4,1182,Tab.2.17
Level 2,2018Q4,938,Tab.2.17
Level 3,2018Q4,43,Tab.2.17
Cost-Based,2018Q4,1550,Tab.2.17
Level 1,2019Q1,1189,Tab.2.17
Level 2,2019Q1,953,Tab.2.17
Level 3,2019Q1,44,Tab.2.17
Cost-Based,2019Q1,1565,Tab.2.17
Level 1,2019Q2,1197,Tab.2.17
Level 2,2019Q2,991,Tab.2.17
Level 3,2019Q2,48,Tab.2.17
Cost-Based,2019Q2,1573,Tab.2.17
Level 1,2019Q3,1189,Tab.2.17
Level 2,2019Q3,985,Tab.2.17
Level 3,2019Q3,50,Tab.2.17
Cost-Based,2019Q3,1566,Tab.2.17
Level 1,2019Q4,1237,Tab.2.17
Level 2,2019Q4,940,Tab.2.17
Level 3,2019Q4,54,Tab.2.17
Cost-Based,2019Q4,1619,Tab.2.17
Level 1,2020Q1,1251,Tab.2.17
Level 2,2020Q1,975,Tab.2.17
Level 3,2020Q1,57,Tab.2.17
Cost-Based,2020Q1,1625,Tab.2.17
Level 1,2020Q2,1242,Tab.2.17
Level 2,2020Q2,966,Tab.2.17
Level 3,2020Q2,56,Tab.2.17
Cost-Based,2020Q2,1615,Tab.2.17
Level 1,2020Q3,1250,Tab.2.17
Level 2,2020Q3,972,Tab.2.17
Level 3,2020Q3,56,Tab.2.17
Cost-Based,2020Q3,1615,Tab.2.17
Level 1,2020Q4,1299,Tab.2.17
Level 2,2020Q4,1083,Tab.2.17
Level 3,2020Q4,73,Tab.2.17
Cost-Based,2020Q4,1379,Tab.2.17
Level 1,2021Q1,1299,Tab.2.17
Level 2,2021Q1,1061,Tab.2.17
Level 3,2021Q1,73,Tab.2.17
Cost-Based,2021Q1,1383,Tab.2.17
Level 1,2021Q2,1303,Tab.2.17
Level 2,2021Q2,1064,Tab.2.17
Level 3,2021Q2,79,Tab.2.17
Cost-Based,2021Q2,1378,Tab.2.17
Level 1,2021Q3,1305,Tab.2.17
Level 2,2021Q3,1084,Tab.2.17
Level 3,2021Q3,114,Tab.2.17
Cost-Based,2021Q3,1376,Tab.2.17
Level 1,2021Q4,1641,Tab.2.17
Level 2,2021Q4,1231,Tab.2.17
Level 3,2021Q4,124,Tab.2.17
Cost-Based,2021Q4,1384,Tab.2.17
Level 1,2022Q1,1642,Tab.2.17
Level 2,2022Q1,1229,Tab.2.17
Level 3,2022Q1,127,Tab.2.17
Cost-Based,2022Q1,1388,Tab.2.17
Level 1,2022Q2,1635,Tab.2.17
Level 2,2022Q2,1249,Tab.2.17
Level 3,2022Q2,91,Tab.2.17
Cost-Based,2022Q2,1387,Tab.2.17
Level 1,2022Q3,1640,Tab.2.17
Level 2,2022Q3,1208,Tab.2.17
Level 3,2022Q3,93,Tab.2.17
Cost-Based,2022Q3,1393,Tab.2.17
Level 1,2022Q4,1523,Tab.2.17
Level 2,2022Q4,1344,Tab.2.17
Level 3,2022Q4,97,Tab.2.17
Cost-Based,2022Q4,1568,Tab.2.17
Level 1,2023Q1,1528,Tab.2.17
Level 2,2023Q1,1324,Tab.2.17
Level 3,2023Q1,97,Tab.2.17
Cost-Based,2023Q1,1564,Tab.2.17
Level 1,2023Q2,1529,Tab.2.17
Level 2,2023Q2,1290,Tab.2.17
Level 3,2023Q2,111,Tab.2.17
Cost-Based,2023Q2,1564,Tab.2.17
Level 1,2023Q3,1531,Tab.2.17
Level 2,2023Q3,1298,Tab.2.17
Level 3,2023Q3,100,Tab.2.17
Cost-Based,2023Q3,1560,Tab.2.17
Level 1,2023Q4,1809,Tab.2.17
Level 2,2023Q4,1397,Tab.2.17
Level 3,2023Q4,105,Tab.2.17
Cost-Based,2023Q4,2454,Tab.2.17
Level 1,2024Q1,1812,Tab.2.17
Level 2,2024Q1,1505,Tab.2.17
Level 3,2024Q1,107,Tab.2.17
Cost-Based,2024Q1,2455,Tab.2.17
Level 1,2024Q2,1814,Tab.2.17
Level 2,2024Q2,1488,Tab.2.17
Level 3,2024Q2,106,Tab.2.17
Cost-Based,2024Q2,2466,Tab.2.17
Level 1,2024Q3,1818,Tab.2.17
Level 2,2024Q3,1561,Tab.2.17
Level 3,2024Q3,101,Tab.2.17
Cost-Based,2024Q3,2476,Tab.2.17
Level 1,2024Q4,1961,Tab.2.17
Level 2,2024Q4,1589,Tab.2.17
Level 3,2024Q4,107,Tab.2.17
Cost-Based,2024Q4,2689,Tab.2.17
Level 1,2025Q1,1965,Tab.2.17
Level 2,2025Q1,1605,Tab.2.17
Level 3,2025Q1,104,Tab.2.17
Cost-Based,2025Q1,2689,Tab.2.17
Level 1,2013Q1,1851,Tab.2.18
Level 2,2013Q1,1004,Tab.2.18
Level 3,2013Q1,331,Tab.2.18
Cost-Based,2013Q1,263,Tab.2.18
Level 1,2013Q2,1691,Tab.2.18
Level 2,2013Q2,1040,Tab.2.18
Level 3,2013Q2,339,Tab.2.18
Cost-Based,2013Q2,285,Tab.2.18
Level 1,2013Q3,1700,Tab.2.18
Level 2,2013Q3,1045,Tab.2.18
Level 3,2013Q3,344,Tab.2.18
Cost-Based,2013Q3,287,Tab.2.18
Level 1,2013Q4,1774,Tab.2.18
Level 2,2013Q4,1237,Tab.2.18
Level 3,2013Q4,363,Tab.2.18
Cost-Based,2013Q4,747,Tab.2.18
Level 1,2014Q1,1769,Tab.2.18
Level 2,2014Q1,1252,Tab.2.18
Level 3,2014Q1,372,Tab.2.18
Cost-Based,2014Q1,756,Tab.2.18
Level 1,2014Q2,1800,Tab.2.18
Level 2,2014Q2,1238,Tab.2.18
Level 3,2014Q2,389,Tab.2.18
Cost-Based,2014Q2,756,Tab.2.18
Level 1,2014Q3,1805,Tab.2.18
Level 2,2014Q3,1235,Tab.2.18
Level 3,2014Q3,390,Tab.2.18
Cost-Based,2014Q3,761,Tab.2.18
Level 1,2014Q4,1995,Tab.2.18
Level 2,2014Q4,1418,Tab.2.18
Level 3,2014Q4,409,Tab.2.18
Cost-Based,2014Q4,933,Tab.2.18
Level 1,2015Q1,1996,Tab.2.18
Level 2,2015Q1,1423,Tab.2.18
Level 3,2015Q1,417,Tab.2.18
Cost-Based,2015Q1,938,Tab.2.18
Level 1,2015Q2,1995,Tab.2.18
Level 2,2015Q2,1460,Tab.2.18
Level 3,2015Q2,426,Tab.2.18
Cost-Based,2015Q2,940,Tab.2.18
Level 1,2015Q3,1968,Tab.2.18
Level 2,2015Q3,1463,Tab.2.18
Level 3,2015Q3,428,Tab.2.18
Cost-Based,2015Q3,939,Tab.2.18
Level 1,2015Q4,1918,Tab.2.18
Level 2,2015Q4,1332,Tab.2.18
Level 3,2015Q4,459,Tab.2.18
Cost-Based,2015Q4,1039,Tab.2.18
Level 1,2016Q1,1884,Tab.2.18
Level 2,2016Q1,1358,Tab.2.18
Level 3,2016Q1,468,Tab.2.18
Cost-Based,2016Q1,1057,Tab.2.18
Level 1,2016Q2,1892,Tab.2.18
Level 2,2016Q2,1304,Tab.2.18
Level 3,2016Q2,472,Tab.2.18
Cost-Based,2016Q2,1051,Tab.2.18
Level 1,2016Q3,1905,Tab.2.18
Level 2,2016Q3,1299,Tab.2.18
Level 3,2016Q3,482,Tab.2.18
Cost-Based,2016Q3,1056,Tab.2.18
Level 1,2016Q4,1991,Tab.2.18
Level 2,2016Q4,1333,Tab.2.18
Level 3,2016Q4,495,Tab.2.18
Cost-Based,2016Q4,1139,Tab.2.18
Level 1,2017Q1,1983,Tab.2.18
Level 2,2017Q1,1326,Tab.2.18
Level 3,2017Q1,507,Tab.2.18
Cost-Based,2017Q1,1139,Tab.2.18
Level 1,2017Q2,1983,Tab.2.18
Level 2,2017Q2,1340,Tab.2.18
Level 3,2017Q2,523,Tab.2.18
Cost-Based,2017Q2,1180,Tab.2.18
Level 1,2017Q3,1991,Tab.2.18
Level 2,2017Q3,1352,Tab.2.18
Level 3,2017Q3,528,Tab.2.18
Cost-Based,2017Q3,1184,Tab.2.18
Level 1,2017Q4,2227,Tab.2.18
Level 2,2017Q4,1516,Tab.2.18
Level 3,2017Q4,557,Tab.2.18
Cost-Based,2017Q4,1351,Tab.2.18
Level 1,2018Q1,2240,Tab.2.18
Level 2,2018Q1,1507,Tab.2.18
Level 3,2018Q1,561,Tab.2.18
Cost-Based,2018Q1,1341,Tab.2.18
Level 1,2018Q2,2241,Tab.2.18
Level 2,2018Q2,1512,Tab.2.18
Level 3,2018Q2,564,Tab.2.18
Cost-Based,2018Q2,1341,Tab.2.18
Level 1,2018Q3,2240,Tab.2.18
Level 2,2018Q3,1500,Tab.2.18
Level 3,2018Q3,570,Tab.2.18
Cost-Based,2018Q3,1357,Tab.2.18
Level 1,2018Q4,2211,Tab.2.18
Level 2,2018Q4,1640,Tab.2.18
Level 3,2018Q4,639,Tab.2.18
Cost-Based,2018Q4,1489,Tab.2.18
Level 1,2019Q1,2255,Tab.2.18
Level 2,2019Q1,1648,Tab.2.18
Level 3,2019Q1,650,Tab.2.18
Cost-Based,2019Q1,1491,Tab.2.18
Level 1,2019Q2,2272,Tab.2.18
Level 2,2019Q2,1714,Tab.2.18
Level 3,2019Q2,651,Tab.2.18
Cost-Based,2019Q2,1505,Tab.2.18
Level 1,2019Q3,2250,Tab.2.18
Level 2,2019Q3,1720,Tab.2.18
Level 3,2019Q3,645,Tab.2.18
Cost-Based,2019Q3,1495,Tab.2.18
Level 1,2019Q4,2472,Tab.2.18
Level 2,2019Q4,2011,Tab.2.18
Level 3,2019Q4,757,Tab.2.18
Cost-Based,2019Q4,1273,Tab.2.18
Level 1,2020Q1,2451,Tab.2.18
Level 2,2020Q1,2040,Tab.2.18
Level 3,2020Q1,760,Tab.2.18
Cost-Based,2020Q1,1276,Tab.2.18
Level 1,2020Q2,2467,Tab.2.18
Level 2,2020Q2,2061,Tab.2.18
Level 3,2020Q2,768,Tab.2.18
Cost-Based,2020Q2,1264,Tab.2.18
Level 1,2020Q3,2479,Tab.2.18
Level 2,2020Q3,2068,Tab.2.18
Level 3,2020Q3,772,Tab.2.18
Cost-Based,2020Q3,1251,Tab.2.18
Level 1,2020Q4,2752,Tab.2.18
Level 2,2020Q4,2063,Tab.2.18
Level 3,2020Q4,851,Tab.2.18
Cost-Based,2020Q4,1195,Tab.2.18
Level 1,2021Q1,2778,Tab.2.18
Level 2,2021Q1,2044,Tab.2.18
Level 3,2021Q1,859,Tab.2.18
Cost-Based,2021Q1,1198,Tab.2.18
Level 1,2021Q2,2791,Tab.2.18
Level 2,2021Q2,2058,Tab.2.18
Level 3,2021Q2,875,Tab.2.18
Cost-Based,2021Q2,1214,Tab.2.18
Level 1,2021Q3,2866,Tab.2.18
Level 2,2021Q3,2082,Tab.2.18
Level 3,2021Q3,947,Tab.2.18
Cost-Based,2021Q3,1220,Tab.2.18
Level 1,2021Q4,3179,Tab.2.18
Level 2,2021Q4,2114,Tab.2.18
Level 3,2021Q4,1205,Tab.2.18
Cost-Based,2021Q4,1536,Tab.2.18
Level 1,2022Q1,3155,Tab.2.18
Level 2,2022Q1,2103,Tab.2.18
Level 3,2022Q1,1226,Tab.2.18
Cost-Based,2022Q1,1553,Tab.2.18
Level 1,2022Q2,3124,Tab.2.18
Level 2,2022Q2,2111,Tab.2.18
Level 3,2022Q2,1230,Tab.2.18
Cost-Based,2022Q2,1539,Tab.2.18
Level 1,2022Q3,3114,Tab.2.18
Level 2,2022Q3,2077,Tab.2.18
Level 3,2022Q3,1188,Tab.2.18
Cost-Based,2022Q3,1542,Tab.2.18
Level 1,2022Q4,2838,Tab.2.18
Level 2,2022Q4,1999,Tab.2.18
Level 3,2022Q4,1319,Tab.2.18
Cost-Based,2022Q4,1605,Tab.2.18
Level 1,2023Q1,2782,Tab.2.18
Level 2,2023Q1,1964,Tab.2.18
Level 3,2023Q1,1323,Tab.2.18
Cost-Based,2023Q1,1584,Tab.2.18
Level 1,2023Q2,2784,Tab.2.18
Level 2,2023Q2,1948,Tab.2.18
Level 3,2023Q2,1328,Tab.2.18
Cost-Based,2023Q2,1578,Tab.2.18
Level 1,2023Q3,2773,Tab.2.18
Level 2,2023Q3,1943,Tab.2.18
Level 3,2023Q3,1321,Tab.2.18
Cost-Based,2023Q3,1564,Tab.2.18
Level 1,2023Q4,3494,Tab.2.18
Level 2,2023Q4,2162,Tab.2.18
Level 3,2023Q4,1414,Tab.2.18
Cost-Based,2023Q4,1825,Tab.2.18
Level 1,2024Q1,3516,Tab.2.18
Level 2,2024Q1,2148,Tab.2.18
Level 3,2024Q1,1420,Tab.2.18
Cost-Based,2024Q1,1834,Tab.2.18
Level 1,2024Q2,3519,Tab.2.18
Level 2,2024Q2,2149,Tab.2.18
Level 3,2024Q2,1427,Tab.2.18
Cost-Based,2024Q2,1830,Tab.2.18
Level 1,2024Q3,3541,Tab.2.18
Level 2,2024Q3,2168,Tab.2.18
Level 3,2024Q3,1436,Tab.2.18
Cost-Based,2024Q3,1837,Tab.2.18
Level 1,2024Q4,4172,Tab.2.18
Level 2,2024Q4,2357,Tab.2.18
Level 3,2024Q4,1471,Tab.2.18
Cost-Based,2024Q4,1790,Tab.2.18
Level 1,2025Q1,4198,Tab.2.18
Level 2,2025Q1,2371,Tab.2.18
Level 3,2025Q1,1491,Tab.2.18
Cost-Based,2025Q1,1807,Tab.2.18
Level 1,2013Q1,862,Tab.2.19
Level 2,2013Q1,300,Tab.2.19
Level 3,2013Q1,16,Tab.2.19
Cost-Based,2013Q1,231,Tab.2.19
Level 1,2013Q2,869,Tab.2.19
Level 2,2013Q2,339,Tab.2.19
Level 3,2013Q2,16,Tab.2.19
Cost-Based,2013Q2,239,Tab.2.19
Level 1,2013Q3,875,Tab.2.19
Level 2,2013Q3,342,Tab.2.19
Level 3,2013Q3,17,Tab.2.19
Cost-Based,2013Q3,240,Tab.2.19
Level 1,2013Q4,793,Tab.2.19
Level 2,2013Q4,408,Tab.2.19
Level 3,2013Q4,15,Tab.2.19
Cost-Based,2013Q4,541,Tab.2.19
Level 1,2014Q1,800,Tab.2.19
Level 2,2014Q1,423,Tab.2.19
Level 3,2014Q1,17,Tab.2.19
Cost-Based,2014Q1,537,Tab.2.19
Level 1,2014Q2,806,Tab.2.19
Level 2,2014Q2,398,Tab.2.19
Level 3,2014Q2,16,Tab.2.19
Cost-Based,2014Q2,538,Tab.2.19
Level 1,2014Q3,804,Tab.2.19
Level 2,2014Q3,399,Tab.2.19
Level 3,2014Q3,19,Tab.2.19
Cost-Based,2014Q3,540,Tab.2.19
Level 1,2014Q4,985,Tab.2.19
Level 2,2014Q4,516,Tab.2.19
Level 3,2014Q4,22,Tab.2.19
Cost-Based,2014Q4,663,Tab.2.19
Level 1,2015Q1,986,Tab.2.19
Level 2,2015Q1,514,Tab.2.19
Level 3,2015Q1,23,Tab.2.19
Cost-Based,2015Q1,666,Tab.2.19
Level 1,2015Q2,974,Tab.2.19
Level 2,2015Q2,547,Tab.2.19
Level 3,2015Q2,29,Tab.2.19
Cost-Based,2015Q2,667,Tab.2.19
Level 1,2015Q3,976,Tab.2.19
Level 2,2015Q3,550,Tab.2.19
Level 3,2015Q3,38,Tab.2.19
Cost-Based,2015Q3,667,Tab.2.19
Level 1,2015Q4,868,Tab.2.19
Level 2,2015Q4,549,Tab.2.19
Level 3,2015Q4,30,Tab.2.19
Cost-Based,2015Q4,699,Tab.2.19
Level 1,2016Q1,864,Tab.2.19
Level 2,2016Q1,564,Tab.2.19
Level 3,2016Q1,31,Tab.2.19
Cost-Based,2016Q1,728,Tab.2.19
Level 1,2016Q2,867,Tab.2.19
Level 2,2016Q2,514,Tab.2.19
Level 3,2016Q2,31,Tab.2.19
Cost-Based,2016Q2,732,Tab.2.19
Level 1,2016Q3,865,Tab.2.19
Level 2,2016Q3,515,Tab.2.19
Level 3,2016Q3,30,Tab.2.19
Cost-Based,2016Q3,745,Tab.2.19
Level 1,2016Q4,977,Tab.2.19
Level 2,2016Q4,543,Tab.2.19
Level 3,2016Q4,50,Tab.2.19
Cost-Based,2016Q4,799,Tab.2.19
Level 1,2017Q1,978,Tab.2.19
Level 2,2017Q1,535,Tab.2.19
Level 3,2017Q1,51,Tab.2.19
Cost-Based,2017Q1,800,Tab.2.19
Level 1,2017Q2,981,Tab.2.19
Level 2,2017Q2,540,Tab.2.19
Level 3,2017Q2,55,Tab.2.19
Cost-Based,2017Q2,811,Tab.2.19
Level 1,2017Q3,988,Tab.2.19
Level 2,2017Q3,547,Tab.2.19
Level 3,2017Q3,52,Tab.2.19
Cost-Based,2017Q3,811,Tab.2.19
Level 1,2017Q4,1086,Tab.2.19
Level 2,2017Q4,730,Tab.2.19
Level 3,2017Q4,32,Tab.2.19
Cost-Based,2017Q4,906,Tab.2.19
Level 1,2018Q1,1079,Tab.2.19
Level 2,2018Q1,726,Tab.2.19
Level 3,2018Q1,31,Tab.2.19
Cost-Based,2018Q1,904,Tab.2.19
Level 1,2018Q2,1077,Tab.2.19
Level 2,2018Q2,720,Tab.2.19
Level 3,2018Q2,31,Tab.2.19
Cost-Based,2018Q2,899,Tab.2.19
Level 1,2018Q3,1084,Tab.2.19
Level 2,2018Q3,717,Tab.2.19
Level 3,2018Q3,33,Tab.2.19
Cost-Based,2018Q3,899,Tab.2.19
Level 1,2018Q4,1041,Tab.2.19
Level 2,2018Q4,796,Tab.2.19
Level 3,2018Q4,38,Tab.2.19
Cost-Based,2018Q4,1384,Tab.2.19
Level 1,2019Q1,1054,Tab.2.19
Level 2,2019Q1,800,Tab.2.19
Level 3,2019Q1,40,Tab.2.19
Cost-Based,2019Q1,1387,Tab.2.19
Level 1,2019Q2,1057,Tab.2.19
Level 2,2019Q2,851,Tab.2.19
Level 3,2019Q2,43,Tab.2.19
Cost-Based,2019Q2,1396,Tab.2.19
Level 1,2019Q3,1047,Tab.2.19
Level 2,2019Q3,854,Tab.2.19
Level 3,2019Q3,46,Tab.2.19
Cost-Based,2019Q3,1393,Tab.2.19
Level 1,2019Q4,1101,Tab.2.19
Level 2,2019Q4,823,Tab.2.19
Level 3,2019Q4,49,Tab.2.19
Cost-Based,2019Q4,1430,Tab.2.19
Level 1,2020Q1,1103,Tab.2.19
Level 2,2020Q1,852,Tab.2.19
Level 3,2020Q1,53,Tab.2.19
Cost-Based,2020Q1,1453,Tab.2.19
Level 1,2020Q2,1103,Tab.2.19
Level 2,2020Q2,876,Tab.2.19
Level 3,2020Q2,51,Tab.2.19
Cost-Based,2020Q2,1445,Tab.2.19
Level 1,2020Q3,1105,Tab.2.19
Level 2,2020Q3,885,Tab.2.19
Level 3,2020Q3,51,Tab.2.19
Cost-Based,2020Q3,1440,Tab.2.19
Level 1,2020Q4,1168,Tab.2.19
Level 2,2020Q4,1009,Tab.2.19
Level 3,2020Q4,64,Tab.2.19
Cost-Based,2020Q4,1226,Tab.2.19
Level 1,2021Q1,1173,Tab.2.19
Level 2,2021Q1,986,Tab.2.19
Level 3,2021Q1,64,Tab.2.19
Cost-Based,2021Q1,1230,Tab.2.19
Level 1,2021Q2,1176,Tab.2.19
Level 2,2021Q2,997,Tab.2.19
Level 3,2021Q2,71,Tab.2.19
Cost-Based,2021Q2,1225,Tab.2.19
Level 1,2021Q3,1182,Tab.2.19
Level 2,2021Q3,1009,Tab.2.19
Level 3,2021Q3,105,Tab.2.19
Cost-Based,2021Q3,1226,Tab.2.19
Level 1,2021Q4,1528,Tab.2.19
Level 2,2021Q4,1157,Tab.2.19
Level 3,2021Q4,118,Tab.2.19
Cost-Based,2021Q4,1226,Tab.2.19
Level 1,2022Q1,1528,Tab.2.19
Level 2,2022Q1,1144,Tab.2.19
Level 3,2022Q1,119,Tab.2.19
Cost-Based,2022Q1,1229,Tab.2.19
Level 1,2022Q2,1523,Tab.2.19
Level 2,2022Q2,1163,Tab.2.19
Level 3,2022Q2,82,Tab.2.19
Cost-Based,2022Q2,1229,Tab.2.19
Level 1,2022Q3,1528,Tab.2.19
Level 2,2022Q3,1125,Tab.2.19
Level 3,2022Q3,84,Tab.2.19
Cost-Based,2022Q3,1235,Tab.2.19
Level 1,2022Q4,1408,Tab.2.19
Level 2,2022Q4,1269,Tab.2.19
Level 3,2022Q4,88,Tab.2.19
Cost-Based,2022Q4,1413,Tab.2.19
Level 1,2023Q1,1412,Tab.2.19
Level 2,2023Q1,1258,Tab.2.19
Level 3,2023Q1,89,Tab.2.19
Cost-Based,2023Q1,1406,Tab.2.19
Level 1,2023Q2,1413,Tab.2.19
Level 2,2023Q2,1243,Tab.2.19
Level 3,2023Q2,100,Tab.2.19
Cost-Based,2023Q2,1409,Tab.2.19
Level 1,2023Q3,1406,Tab.2.19
Level 2,2023Q3,1243,Tab.2.19
Level 3,2023Q3,89,Tab.2.19
Cost-Based,2023Q3,1402,Tab.2.19
Level 1,2023Q4,1656,Tab.2.19
Level 2,2023Q4,1340,Tab.2.19
Level 3,2023Q4,96,Tab.2.19
Cost-Based,2023Q4,2263,Tab.2.19
Level 1,2024Q1,1661,Tab.2.19
Level 2,2024Q1,1413,Tab.2.19
Level 3,2024Q1,98,Tab.2.19
Cost-Based,2024Q1,2262,Tab.2.19
Level 1,2024Q2,1664,Tab.2.19
Level 2,2024Q2,1395,Tab.2.19
Level 3,2024Q2,97,Tab.2.19
Cost-Based,2024Q2,2269,Tab.2.19
Level 1,2024Q3,1668,Tab.2.19
Level 2,2024Q3,1457,Tab.2.19
Level 3,2024Q3,92,Tab.2.19
Cost-Based,2024Q3,2274,Tab.2.19
Level 1,2024Q4,1827,Tab.2.19
Level 2,2024Q4,1503,Tab.2.19
Level 3,2024Q4,98,Tab.2.19
Cost-Based,2024Q4,2448,Tab.2.19
Level 1,2025Q1,1828,Tab.2.19
Level 2,2025Q1,1519,Tab.2.19
Level 3,2025Q1,94,Tab.2.19
Cost-Based,2025Q1,2460,Tab.2.19
Level 1,2013Q1,138,Tab.2.20
Level 2,2013Q1,64,Tab.2.20
Level 3,2013Q1,997,Tab.2.20
Cost-Based,2013Q1,167,Tab.2.20
Level 1,2013Q2,138,Tab.2.20
Level 2,2013Q2,65,Tab.2.20
Level 3,2013Q2,1006,Tab.2.20
Cost-Based,2013Q2,167,Tab.2.20
Level 1,2013Q3,139,Tab.2.20
Level 2,2013Q3,65,Tab.2.20
Level 3,2013Q3,1015,Tab.2.20
Cost-Based,2013Q3,167,Tab.2.20
Level 1,2013Q4,158,Tab.2.20
Level 2,2013Q4,87,Tab.2.20
Level 3,2013Q4,1106,Tab.2.20
Cost-Based,2013Q4,127,Tab.2.20
Level 1,2014Q1,158,Tab.2.20
Level 2,2014Q1,87,Tab.2.20
Level 3,2014Q1,1105,Tab.2.20
Cost-Based,2014Q1,126,Tab.2.20
Level 1,2014Q2,158,Tab.2.20
Level 2,2014Q2,87,Tab.2.20
Level 3,2014Q2,1108,Tab.2.20
Cost-Based,2014Q2,127,Tab.2.20
Level 1,2014Q3,158,Tab.2.20
Level 2,2014Q3,87,Tab.2.20
Level 3,2014Q3,1102,Tab.2.20
Cost-Based,2014Q3,127,Tab.2.20
Level 1,2014Q4,154,Tab.2.20
Level 2,2014Q4,103,Tab.2.20
Level 3,2014Q4,1120,Tab.2.20
Cost-Based,2014Q4,118,Tab.2.20
Level 1,2015Q1,155,Tab.2.20
Level 2,2015Q1,103,Tab.2.20
Level 3,2015Q1,1119,Tab.2.20
Cost-Based,2015Q1,120,Tab.2.20
Level 1,2015Q2,155,Tab.2.20
Level 2,2015Q2,104,Tab.2.20
Level 3,2015Q2,1119,Tab.2.20
Cost-Based,2015Q2,120,Tab.2.20
Level 1,2015Q3,155,Tab.2.20
Level 2,2015Q3,104,Tab.2.20
Level 3,2015Q3,1094,Tab.2.20
Cost-Based,2015Q3,120,Tab.2.20
Level 1,2015Q4,157,Tab.2.20
Level 2,2015Q4,81,Tab.2.20
Level 3,2015Q4,1169,Tab.2.20
Cost-Based,2015Q4,159,Tab.2.20
Level 1,2016Q1,157,Tab.2.20
Level 2,2016Q1,81,Tab.2.20
Level 3,2016Q1,1170,Tab.2.20
Cost-Based,2016Q1,160,Tab.2.20
Level 1,2016Q2,157,Tab.2.20
Level 2,2016Q2,82,Tab.2.20
Level 3,2016Q2,1169,Tab.2.20
Cost-Based,2016Q2,160,Tab.2.20
Level 1,2016Q3,157,Tab.2.20
Level 2,2016Q3,82,Tab.2.20
Level 3,2016Q3,1154,Tab.2.20
Cost-Based,2016Q3,160,Tab.2.20
Level 1,2016Q4,127,Tab.2.20
Level 2,2016Q4,98,Tab.2.20
Level 3,2016Q4,1341,Tab.2.20
Cost-Based,2016Q4,207,Tab.2.20
Level 1,2017Q1,127,Tab.2.20
Level 2,2017Q1,98,Tab.2.20
Level 3,2017Q1,1349,Tab.2.20
Cost-Based,2017Q1,197,Tab.2.20
Level 1,2017Q2,127,Tab.2.20
Level 2,2017Q2,98,Tab.2.20
Level 3,2017Q2,1347,Tab.2.20
Cost-Based,2017Q2,196,Tab.2.20
Level 1,2017Q3,126,Tab.2.20
Level 2,2017Q3,98,Tab.2.20
Level 3,2017Q3,1342,Tab.2.20
Cost-Based,2017Q3,196,Tab.2.20
Level 1,2017Q4,134,Tab.2.20
Level 2,2017Q4,89,Tab.2.20
Level 3,2017Q4,1531,Tab.2.20
Cost-Based,2017Q4,257,Tab.2.20
Level 1,2018Q1,135,Tab.2.20
Level 2,2018Q1,89,Tab.2.20
Level 3,2018Q1,1570,Tab.2.20
Cost-Based,2018Q1,259,Tab.2.20
Level 1,2018Q2,136,Tab.2.20
Level 2,2018Q2,89,Tab.2.20
Level 3,2018Q2,1574,Tab.2.20
Cost-Based,2018Q2,259,Tab.2.20
Level 1,2018Q3,136,Tab.2.20
Level 2,2018Q3,89,Tab.2.20
Level 3,2018Q3,1575,Tab.2.20
Cost-Based,2018Q3,259,Tab.2.20
Level 1,2018Q4,121,Tab.2.20
Level 2,2018Q4,85,Tab.2.20
Level 3,2018Q4,1817,Tab.2.20
Cost-Based,2018Q4,318,Tab.2.20
Level 1,2019Q1,124,Tab.2.20
Level 2,2019Q1,86,Tab.2.20
Level 3,2019Q1,1877,Tab.2.20
Cost-Based,2019Q1,344,Tab.2.20
Level 1,2019Q2,124,Tab.2.20
Level 2,2019Q2,86,Tab.2.20
Level 3,2019Q2,1876,Tab.2.20
Cost-Based,2019Q2,344,Tab.2.20
Level 1,2019Q3,124,Tab.2.20
Level 2,2019Q3,86,Tab.2.20
Level 3,2019Q3,1875,Tab.2.20
Cost-Based,2019Q3,344,Tab.2.20
Level 1,2019Q4,134,Tab.2.20
Level 2,2019Q4,114,Tab.2.20
Level 3,2019Q4,2197,Tab.2.20
Cost-Based,2019Q4,360,Tab.2.20
Level 1,2020Q1,133,Tab.2.20
Level 2,2020Q1,115,Tab.2.20
Level 3,2020Q1,2250,Tab.2.20
Cost-Based,2020Q1,358,Tab.2.20
Level 1,2020Q2,133,Tab.2.20
Level 2,2020Q2,115,Tab.2.20
Level 3,2020Q2,2249,Tab.2.20
Cost-Based,2020Q2,359,Tab.2.20
Level 1,2020Q3,133,Tab.2.20
Level 2,2020Q3,115,Tab.2.20
Level 3,2020Q3,2249,Tab.2.20
Cost-Based,2020Q3,359,Tab.2.20
Level 1,2020Q4,197,Tab.2.20
Level 2,2020Q4,191,Tab.2.20
Level 3,2020Q4,2909,Tab.2.20
Cost-Based,2020Q4,402,Tab.2.20
Level 1,2021Q1,198,Tab.2.20
Level 2,2021Q1,192,Tab.2.20
Level 3,2021Q1,3007,Tab.2.20
Cost-Based,2021Q1,408,Tab.2.20
Level 1,2021Q2,198,Tab.2.20
Level 2,2021Q2,191,Tab.2.20
Level 3,2021Q2,3013,Tab.2.20
Cost-Based,2021Q2,408,Tab.2.20
Level 1,2021Q3,198,Tab.2.20
Level 2,2021Q3,191,Tab.2.20
Level 3,2021Q3,3013,Tab.2.20
Cost-Based,2021Q3,408,Tab.2.20
Level 1,2021Q4,366,Tab.2.20
Level 2,2021Q4,259,Tab.2.20
Level 3,2021Q4,3999,Tab.2.20
Cost-Based,2021Q4,547,Tab.2.20
Level 1,2022Q1,369,Tab.2.20
Level 2,2022Q1,259,Tab.2.20
Level 3,2022Q1,3970,Tab.2.20
Cost-Based,2022Q1,551,Tab.2.20
Level 1,2022Q2,369,Tab.2.20
Level 2,2022Q2,259,Tab.2.20
Level 3,2022Q2,3980,Tab.2.20
Cost-Based,2022Q2,551,Tab.2.20
Level 1,2022Q3,368,Tab.2.20
Level 2,2022Q3,259,Tab.2.20
Level 3,2022Q3,3980,Tab.2.20
Cost-Based,2022Q3,556,Tab.2.20
Level 1,2022Q4,204,Tab.2.20
Level 2,2022Q4,153,Tab.2.20
Level 3,2022Q4,4361,Tab.2.20
Cost-Based,2022Q4,549,Tab.2.20
Level 1,2023Q1,201,Tab.2.20
Level 2,2023Q1,152,Tab.2.20
Level 3,2023Q1,4302,Tab.2.20
Cost-Based,2023Q1,562,Tab.2.20
Level 1,2023Q2,201,Tab.2.20
Level 2,2023Q2,152,Tab.2.20
Level 3,2023Q2,4301,Tab.2.20
Cost-Based,2023Q2,563,Tab.2.20
Level 1,2023Q3,202,Tab.2.20
Level 2,2023Q3,152,Tab.2.20
Level 3,2023Q3,4302,Tab.2.20
Cost-Based,2023Q3,570,Tab.2.20
Level 1,2023Q4,217,Tab.2.20
Level 2,2023Q4,157,Tab.2.20
Level 3,2023Q4,4912,Tab.2.20
Cost-Based,2023Q4,597,Tab.2.20
Level 1,2024Q1,217,Tab.2.20
Level 2,2024Q1,157,Tab.2.20
Level 3,2024Q1,4939,Tab.2.20
Cost-Based,2024Q1,579,Tab.2.20
Level 1,2024Q2,218,Tab.2.20
Level 2,2024Q2,157,Tab.2.20
Level 3,2024Q2,4932,Tab.2.20
Cost-Based,2024Q2,578,Tab.2.20
Level 1,2024Q3,214,Tab.2.20
Level 2,2024Q3,156,Tab.2.20
Level 3,2024Q3,4934,Tab.2.20
Cost-Based,2024Q3,580,Tab.2.20
Level 1,2024Q4,192,Tab.2.20
Level 2,2024Q4,157,Tab.2.20
Level 3,2024Q4,5454,Tab.2.20
Cost-Based,2024Q4,558,Tab.2.20
Level 1,2025Q1,191,Tab.2.20
Level 2,2025Q1,159,Tab.2.20
Level 3,2025Q1,5444,Tab.2.20
Cost-Based,2025Q1,569,Tab.2.20
Level 1,2013Q1,4,Tab.2.21
Level 2,2013Q1,1,Tab.2.21
Level 3,2013Q1,5,Tab.2.21
Cost-Based,2013Q1,27,Tab.2.21
Level 1,2013Q2,4,Tab.2.21
Level 2,2013Q2,1,Tab.2.21
Level 3,2013Q2,5,Tab.2.21
Cost-Based,2013Q2,28,Tab.2.21
Level 1,2013Q3,4,Tab.2.21
Level 2,2013Q3,1,Tab.2.21
Level 3,2013Q3,5,Tab.2.21
Cost-Based,2013Q3,28,Tab.2.21
Level 1,2013Q4,2,Tab.2.21
Level 2,2013Q4,2,Tab.2.21
Level 3,2013Q4,9,Tab.2.21
Cost-Based,2013Q4,32,Tab.2.21
Level 1,2014Q1,2,Tab.2.21
Level 2,2014Q1,2,Tab.2.21
Level 3,2014Q1,9,Tab.2.21
Cost-Based,2014Q1,32,Tab.2.21
Level 1,2014Q2,2,Tab.2.21
Level 2,2014Q2,2,Tab.2.21
Level 3,2014Q2,9,Tab.2.21
Cost-Based,2014Q2,33,Tab.2.21
Level 1,2014Q3,2,Tab.2.21
Level 2,2014Q3,2,Tab.2.21
Level 3,2014Q3,9,Tab.2.21
Cost-Based,2014Q3,33,Tab.2.21
Level 1,2014Q4,4,Tab.2.21
Level 2,2014Q4,7,Tab.2.21
Level 3,2014Q4,15,Tab.2.21
Cost-Based,2014Q4,48,Tab.2.21
Level 1,2015Q1,4,Tab.2.21
Level 2,2015Q1,7,Tab.2.21
Level 3,2015Q1,15,Tab.2.21
Cost-Based,2015Q1,47,Tab.2.21
Level 1,2015Q2,4,Tab.2.21
Level 2,2015Q2,7,Tab.2.21
Level 3,2015Q2,15,Tab.2.21
Cost-Based,2015Q2,48,Tab.2.21
Level 1,2015Q3,4,Tab.2.21
Level 2,2015Q3,7,Tab.2.21
Level 3,2015Q3,15,Tab.2.21
Cost-Based,2015Q3,48,Tab.2.21
Level 1,2015Q4,3,Tab.2.21
Level 2,2015Q4,5,Tab.2.21
Level 3,2015Q4,11,Tab.2.21
Cost-Based,2015Q4,70,Tab.2.21
Level 1,2016Q1,3,Tab.2.21
Level 2,2016Q1,5,Tab.2.21
Level 3,2016Q1,11,Tab.2.21
Cost-Based,2016Q1,70,Tab.2.21
Level 1,2016Q2,3,Tab.2.21
Level 2,2016Q2,5,Tab.2.21
Level 3,2016Q2,11,Tab.2.21
Cost-Based,2016Q2,70,Tab.2.21
Level 1,2016Q3,3,Tab.2.21
Level 2,2016Q3,5,Tab.2.21
Level 3,2016Q3,11,Tab.2.21
Cost-Based,2016Q3,70,Tab.2.21
Level 1,2016Q4,5,Tab.2.21
Level 2,2016Q4,5,Tab.2.21
Level 3,2016Q4,16,Tab.2.21
Cost-Based,2016Q4,78,Tab.2.21
Level 1,2017Q1,5,Tab.2.21
Level 2,2017Q1,5,Tab.2.21
Level 3,2017Q1,16,Tab.2.21
Cost-Based,2017Q1,78,Tab.2.21
Level 1,2017Q2,5,Tab.2.21
Level 2,2017Q2,5,Tab.2.21
Level 3,2017Q2,16,Tab.2.21
Cost-Based,2017Q2,78,Tab.2.21
Level 1,2017Q3,5,Tab.2.21
Level 2,2017Q3,5,Tab.2.21
Level 3,2017Q3,16,Tab.2.21
Cost-Based,2017Q3,78,Tab.2.21
Level 1,2017Q4,7,Tab.2.21
Level 2,2017Q4,8,Tab.2.21
Level 3,2017Q4,37,Tab.2.21
Cost-Based,2017Q4,95,Tab.2.21
Level 1,2018Q1,6,Tab.2.21
Level 2,2018Q1,8,Tab.2.21
Level 3,2018Q1,38,Tab.2.21
Cost-Based,2018Q1,96,Tab.2.21
Level 1,2018Q2,6,Tab.2.21
Level 2,2018Q2,8,Tab.2.21
Level 3,2018Q2,38,Tab.2.21
Cost-Based,2018Q2,96,Tab.2.21
Level 1,2018Q3,6,Tab.2.21
Level 2,2018Q3,8,Tab.2.21
Level 3,2018Q3,38,Tab.2.21
Cost-Based,2018Q3,96,Tab.2.21
Level 1,2018Q4,8,Tab.2.21
Level 2,2018Q4,8,Tab.2.21
Level 3,2018Q4,19,Tab.2.21
Cost-Based,2018Q4,132,Tab.2.21
Level 1,2019Q1,8,Tab.2.21
Level 2,2019Q1,8,Tab.2.21
Level 3,2019Q1,19,Tab.2.21
Cost-Based,2019Q1,137,Tab.2.21
Level 1,2019Q2,8,Tab.2.21
Level 2,2019Q2,8,Tab.2.21
Level 3,2019Q2,19,Tab.2.21
Cost-Based,2019Q2,137,Tab.2.21
Level 1,2019Q3,8,Tab.2.21
Level 2,2019Q3,8,Tab.2.21
Level 3,2019Q3,19,Tab.2.21
Cost-Based,2019Q3,137,Tab.2.21
Level 1,2019Q4,10,Tab.2.21
Level 2,2019Q4,12,Tab.2.21
Level 3,2019Q4,45,Tab.2.21
Cost-Based,2019Q4,169,Tab.2.21
Level 1,2020Q1,10,Tab.2.21
Level 2,2020Q1,12,Tab.2.21
Level 3,2020Q1,44,Tab.2.21
Cost-Based,2020Q1,169,Tab.2.21
Level 1,2020Q2,10,Tab.2.21
Level 2,2020Q2,12,Tab.2.21
Level 3,2020Q2,44,Tab.2.21
Cost-Based,2020Q2,169,Tab.2.21
Level 1,2020Q3,10,Tab.2.21
Level 2,2020Q3,12,Tab.2.21
Level 3,2020Q3,44,Tab.2.21
Cost-Based,2020Q3,169,Tab.2.21
Level 1,2020Q4,11,Tab.2.21
Level 2,2020Q4,21,Tab.2.21
Level 3,2020Q4,21,Tab.2.21
Cost-Based,2020Q4,205,Tab.2.21
Level 1,2021Q1,11,Tab.2.21
Level 2,2021Q1,21,Tab.2.21
Level 3,2021Q1,21,Tab.2.21
Cost-Based,2021Q1,212,Tab.2.21
Level 1,2021Q2,11,Tab.2.21
Level 2,2021Q2,21,Tab.2.21
Level 3,2021Q2,21,Tab.2.21
Cost-Based,2021Q2,212,Tab.2.21
Level 1,2021Q3,10,Tab.2.21
Level 2,2021Q3,21,Tab.2.21
Level 3,2021Q3,21,Tab.2.21
Cost-Based,2021Q3,212,Tab.2.21
Level 1,2021Q4,15,Tab.2.21
Level 2,2021Q4,25,Tab.2.21
Level 3,2021Q4,27,Tab.2.21
Cost-Based,2021Q4,321,Tab.2.21
Level 1,2022Q1,15,Tab.2.21
Level 2,2022Q1,25,Tab.2.21
Level 3,2022Q1,27,Tab.2.21
Cost-Based,2022Q1,314,Tab.2.21
Level 1,2022Q2,15,Tab.2.21
Level 2,2022Q2,25,Tab.2.21
Level 3,2022Q2,27,Tab.2.21
Cost-Based,2022Q2,314,Tab.2.21
Level 1,2022Q3,15,Tab.2.21
Level 2,2022Q3,25,Tab.2.21
Level 3,2022Q3,27,Tab.2.21
Cost-Based,2022Q3,316,Tab.2.21
Level 1,2022Q4,13,Tab.2.21
Level 2,2022Q4,20,Tab.2.21
Level 3,2022Q4,21,Tab.2.21
Cost-Based,2022Q4,342,Tab.2.21
Level 1,2023Q1,14,Tab.2.21
Level 2,2023Q1,20,Tab.2.21
Level 3,2023Q1,21,Tab.2.21
Cost-Based,2023Q1,340,Tab.2.21
Level 1,2023Q2,14,Tab.2.21
Level 2,2023Q2,20,Tab.2.21
Level 3,2023Q2,21,Tab.2.21
Cost-Based,2023Q2,341,Tab.2.21
Level 1,2023Q3,14,Tab.2.21
Level 2,2023Q3,20,Tab.2.21
Level 3,2023Q3,21,Tab.2.21
Cost-Based,2023Q3,339,Tab.2.21
Level 1,2023Q4,14,Tab.2.21
Level 2,2023Q4,22,Tab.2.21
Level 3,2023Q4,20,Tab.2.21
Cost-Based,2023Q4,335,Tab.2.21
Level 1,2024Q1,13,Tab.2.21
Level 2,2024Q1,22,Tab.2.21
Level 3,2024Q1,20,Tab.2.21
Cost-Based,2024Q1,336,Tab.2.21
Level 1,2024Q2,13,Tab.2.21
Level 2,2024Q2,22,Tab.2.21
Level 3,2024Q2,20,Tab.2.21
Cost-Based,2024Q2,335,Tab.2.21
Level 1,2024Q3,13,Tab.2.21
Level 2,2024Q3,22,Tab.2.21
Level 3,2024Q3,20,Tab.2.21
Cost-Based,2024Q3,333,Tab.2.21
Level 1,2024Q4,13,Tab.2.21
Level 2,2024Q4,28,Tab.2.21
Level 3,2024Q4,21,Tab.2.21
Cost-Based,2024Q4,366,Tab.2.21
Level 1,2025Q1,13,Tab.2.21
Level 2,2025Q1,28,Tab.2.21
Level 3,2025Q1,21,Tab.2.21
Cost-Based,2025Q1,366,Tab.2.21
Level 1,2013Q1,108,Tab.2.22
Level 2,2013Q1,44,Tab.2.22
Level 3,2013Q1,682,Tab.2.22
Cost-Based,2013Q1,95,Tab.2.22
Level 1,2013Q2,108,Tab.2.22
Level 2,2013Q2,44,Tab.2.22
Level 3,2013Q2,683,Tab.2.22
Cost-Based,2013Q2,95,Tab.2.22
Level 1,2013Q3,109,Tab.2.22
Level 2,2013Q3,44,Tab.2.22
Level 3,2013Q3,688,Tab.2.22
Cost-Based,2013Q3,95,Tab.2.22
Level 1,2013Q4,128,Tab.2.22
Level 2,2013Q4,66,Tab.2.22
Level 3,2013Q4,758,Tab.2.22
Cost-Based,2013Q4,70,Tab.2.22
Level 1,2014Q1,129,Tab.2.22
Level 2,2014Q1,66,Tab.2.22
Level 3,2014Q1,754,Tab.2.22
Cost-Based,2014Q1,69,Tab.2.22
Level 1,2014Q2,129,Tab.2.22
Level 2,2014Q2,66,Tab.2.22
Level 3,2014Q2,755,Tab.2.22
Cost-Based,2014Q2,69,Tab.2.22
Level 1,2014Q3,128,Tab.2.22
Level 2,2014Q3,66,Tab.2.22
Level 3,2014Q3,756,Tab.2.22
Cost-Based,2014Q3,69,Tab.2.22
Level 1,2014Q4,122,Tab.2.22
Level 2,2014Q4,77,Tab.2.22
Level 3,2014Q4,776,Tab.2.22
Cost-Based,2014Q4,59,Tab.2.22
Level 1,2015Q1,122,Tab.2.22
Level 2,2015Q1,77,Tab.2.22
Level 3,2015Q1,778,Tab.2.22
Cost-Based,2015Q1,59,Tab.2.22
Level 1,2015Q2,122,Tab.2.22
Level 2,2015Q2,76,Tab.2.22
Level 3,2015Q2,777,Tab.2.22
Cost-Based,2015Q2,59,Tab.2.22
Level 1,2015Q3,122,Tab.2.22
Level 2,2015Q3,76,Tab.2.22
Level 3,2015Q3,769,Tab.2.22
Cost-Based,2015Q3,59,Tab.2.22
Level 1,2015Q4,130,Tab.2.22
Level 2,2015Q4,51,Tab.2.22
Level 3,2015Q4,822,Tab.2.22
Cost-Based,2015Q4,80,Tab.2.22
Level 1,2016Q1,130,Tab.2.22
Level 2,2016Q1,51,Tab.2.22
Level 3,2016Q1,824,Tab.2.22
Cost-Based,2016Q1,80,Tab.2.22
Level 1,2016Q2,130,Tab.2.22
Level 2,2016Q2,51,Tab.2.22
Level 3,2016Q2,824,Tab.2.22
Cost-Based,2016Q2,80,Tab.2.22
Level 1,2016Q3,130,Tab.2.22
Level 2,2016Q3,51,Tab.2.22
Level 3,2016Q3,809,Tab.2.22
Cost-Based,2016Q3,80,Tab.2.22
Level 1,2016Q4,108,Tab.2.22
Level 2,2016Q4,69,Tab.2.22
Level 3,2016Q4,956,Tab.2.22
Cost-Based,2016Q4,96,Tab.2.22
Level 1,2017Q1,108,Tab.2.22
Level 2,2017Q1,69,Tab.2.22
Level 3,2017Q1,959,Tab.2.22
Cost-Based,2017Q1,96,Tab.2.22
Level 1,2017Q2,108,Tab.2.22
Level 2,2017Q2,69,Tab.2.22
Level 3,2017Q2,959,Tab.2.22
Cost-Based,2017Q2,96,Tab.2.22
Level 1,2017Q3,107,Tab.2.22
Level 2,2017Q3,69,Tab.2.22
Level 3,2017Q3,958,Tab.2.22
Cost-Based,2017Q3,96,Tab.2.22
Level 1,2017Q4,110,Tab.2.22
Level 2,2017Q4,63,Tab.2.22
Level 3,2017Q4,1128,Tab.2.22
Cost-Based,2017Q4,128,Tab.2.22
Level 1,2018Q1,111,Tab.2.22
Level 2,2018Q1,63,Tab.2.22
Level 3,2018Q1,1160,Tab.2.22
Cost-Based,2018Q1,129,Tab.2.22
Level 1,2018Q2,111,Tab.2.22
Level 2,2018Q2,63,Tab.2.22
Level 3,2018Q2,1160,Tab.2.22
Cost-Based,2018Q2,129,Tab.2.22
Level 1,2018Q3,111,Tab.2.22
Level 2,2018Q3,63,Tab.2.22
Level 3,2018Q3,1160,Tab.2.22
Cost-Based,2018Q3,129,Tab.2.22
Level 1,2018Q4,104,Tab.2.22
Level 2,2018Q4,65,Tab.2.22
Level 3,2018Q4,1364,Tab.2.22
Cost-Based,2018Q4,183,Tab.2.22
Level 1,2019Q1,106,Tab.2.22
Level 2,2019Q1,65,Tab.2.22
Level 3,2019Q1,1398,Tab.2.22
Cost-Based,2019Q1,184,Tab.2.22
Level 1,2019Q2,106,Tab.2.22
Level 2,2019Q2,65,Tab.2.22
Level 3,2019Q2,1398,Tab.2.22
Cost-Based,2019Q2,184,Tab.2.22
Level 1,2019Q3,106,Tab.2.22
Level 2,2019Q3,65,Tab.2.22
Level 3,2019Q3,1398,Tab.2.22
Cost-Based,2019Q3,184,Tab.2.22
Level 1,2019Q4,108,Tab.2.22
Level 2,2019Q4,86,Tab.2.22
Level 3,2019Q4,1666,Tab.2.22
Cost-Based,2019Q4,195,Tab.2.22
Level 1,2020Q1,106,Tab.2.22
Level 2,2020Q1,86,Tab.2.22
Level 3,2020Q1,1704,Tab.2.22
Cost-Based,2020Q1,216,Tab.2.22
Level 1,2020Q2,107,Tab.2.22
Level 2,2020Q2,86,Tab.2.22
Level 3,2020Q2,1704,Tab.2.22
Cost-Based,2020Q2,216,Tab.2.22
Level 1,2020Q3,107,Tab.2.22
Level 2,2020Q3,86,Tab.2.22
Level 3,2020Q3,1704,Tab.2.22
Cost-Based,2020Q3,216,Tab.2.22
Level 1,2020Q4,164,Tab.2.22
Level 2,2020Q4,142,Tab.2.22
Level 3,2020Q4,2266,Tab.2.22
Cost-Based,2020Q4,254,Tab.2.22
Level 1,2021Q1,165,Tab.2.22
Level 2,2021Q1,143,Tab.2.22
Level 3,2021Q1,2343,Tab.2.22
Cost-Based,2021Q1,258,Tab.2.22
Level 1,2021Q2,165,Tab.2.22
Level 2,2021Q2,142,Tab.2.22
Level 3,2021Q2,2352,Tab.2.22
Cost-Based,2021Q2,258,Tab.2.22
Level 1,2021Q3,165,Tab.2.22
Level 2,2021Q3,142,Tab.2.22
Level 3,2021Q3,2352,Tab.2.22
Cost-Based,2021Q3,258,Tab.2.22
Level 1,2021Q4,320,Tab.2.22
Level 2,2021Q4,181,Tab.2.22
Level 3,2021Q4,3157,Tab.2.22
Cost-Based,2021Q4,359,Tab.2.22
Level 1,2022Q1,321,Tab.2.22
Level 2,2022Q1,182,Tab.2.22
Level 3,2022Q1,3141,Tab.2.22
Cost-Based,2022Q1,359,Tab.2.22
Level 1,2022Q2,320,Tab.2.22
Level 2,2022Q2,182,Tab.2.22
Level 3,2022Q2,3140,Tab.2.22
Cost-Based,2022Q2,360,Tab.2.22
Level 1,2022Q3,320,Tab.2.22
Level 2,2022Q3,182,Tab.2.22
Level 3,2022Q3,3140,Tab.2.22
Cost-Based,2022Q3,360,Tab.2.22
Level 1,2022Q4,171,Tab.2.22
Level 2,2022Q4,121,Tab.2.22
Level 3,2022Q4,3508,Tab.2.22
Cost-Based,2022Q4,358,Tab.2.22
Level 1,2023Q1,170,Tab.2.22
Level 2,2023Q1,121,Tab.2.22
Level 3,2023Q1,3459,Tab.2.22
Cost-Based,2023Q1,356,Tab.2.22
Level 1,2023Q2,170,Tab.2.22
Level 2,2023Q2,121,Tab.2.22
Level 3,2023Q2,3461,Tab.2.22
Cost-Based,2023Q2,357,Tab.2.22
Level 1,2023Q3,170,Tab.2.22
Level 2,2023Q3,121,Tab.2.22
Level 3,2023Q3,3461,Tab.2.22
Cost-Based,2023Q3,357,Tab.2.22
Level 1,2023Q4,184,Tab.2.22
Level 2,2023Q4,115,Tab.2.22
Level 3,2023Q4,4036,Tab.2.22
Cost-Based,2023Q4,383,Tab.2.22
Level 1,2024Q1,183,Tab.2.22
Level 2,2024Q1,115,Tab.2.22
Level 3,2024Q1,4038,Tab.2.22
Cost-Based,2024Q1,383,Tab.2.22
Level 1,2024Q2,183,Tab.2.22
Level 2,2024Q2,115,Tab.2.22
Level 3,2024Q2,4038,Tab.2.22
Cost-Based,2024Q2,383,Tab.2.22
Level 1,2024Q3,183,Tab.2.22
Level 2,2024Q3,119,Tab.2.22
Level 3,2024Q3,4038,Tab.2.22
Cost-Based,2024Q3,384,Tab.2.22
Level 1,2024Q4,159,Tab.2.22
Level 2,2024Q4,109,Tab.2.22
Level 3,2024Q4,4500,Tab.2.22
Cost-Based,2024Q4,346,Tab.2.22
Level 1,2025Q1,158,Tab.2.22
Level 2,2025Q1,109,Tab.2.22
Level 3,2025Q1,4568,Tab.2.22
Cost-Based,2025Q1,360,Tab.2.22
Level 1,2013Q1,2,Tab.2.23
Level 2,2013Q1,3,Tab.2.23
Level 3,2013Q1,2,Tab.2.23
Cost-Based,2013Q1,12,Tab.2.23
Level 1,2013Q2,2,Tab.2.23
Level 2,2013Q2,3,Tab.2.23
Level 3,2013Q2,2,Tab.2.23
Cost-Based,2013Q2,12,Tab.2.23
Level 1,2013Q3,2,Tab.2.23
Level 2,2013Q3,3,Tab.2.23
Level 3,2013Q3,2,Tab.2.23
Cost-Based,2013Q3,12,Tab.2.23
Level 1,2013Q4,0,Tab.2.23
Level 2,2013Q4,1,Tab.2.23
Level 3,2013Q4,2,Tab.2.23
Cost-Based,2013Q4,20,Tab.2.23
Level 1,2014Q1,0,Tab.2.23
Level 2,2014Q1,1,Tab.2.23
Level 3,2014Q1,2,Tab.2.23
Cost-Based,2014Q1,20,Tab.2.23
Level 1,2014Q2,0,Tab.2.23
Level 2,2014Q2,1,Tab.2.23
Level 3,2014Q2,2,Tab.2.23
Cost-Based,2014Q2,20,Tab.2.23
Level 1,2014Q3,0,Tab.2.23
Level 2,2014Q3,1,Tab.2.23
Level 3,2014Q3,2,Tab.2.23
Cost-Based,2014Q3,20,Tab.2.23
Level 1,2014Q4,1,Tab.2.23
Level 2,2014Q4,3,Tab.2.23
Level 3,2014Q4,3,Tab.2.23
Cost-Based,2014Q4,26,Tab.2.23
Level 1,2015Q1,1,Tab.2.23
Level 2,2015Q1,3,Tab.2.23
Level 3,2015Q1,3,Tab.2.23
Cost-Based,2015Q1,26,Tab.2.23
Level 1,2015Q2,1,Tab.2.23
Level 2,2015Q2,3,Tab.2.23
Level 3,2015Q2,3,Tab.2.23
Cost-Based,2015Q2,26,Tab.2.23
Level 1,2015Q3,1,Tab.2.23
Level 2,2015Q3,3,Tab.2.23
Level 3,2015Q3,3,Tab.2.23
Cost-Based,2015Q3,26,Tab.2.23
Level 1,2015Q4,1,Tab.2.23
Level 2,2015Q4,1,Tab.2.23
Level 3,2015Q4,2,Tab.2.23
Cost-Based,2015Q4,40,Tab.2.23
Level 1,2016Q1,1,Tab.2.23
Level 2,2016Q1,1,Tab.2.23
Level 3,2016Q1,2,Tab.2.23
Cost-Based,2016Q1,40,Tab.2.23
Level 1,2016Q2,1,Tab.2.23
Level 2,2016Q2,1,Tab.2.23
Level 3,2016Q2,2,Tab.2.23
Cost-Based,2016Q2,40,Tab.2.23
Level 1,2016Q3,1,Tab.2.23
Level 2,2016Q3,1,Tab.2.23
Level 3,2016Q3,2,Tab.2.23
Cost-Based,2016Q3,40,Tab.2.23
Level 1,2016Q4,2,Tab.2.23
Level 2,2016Q4,1,Tab.2.23
Level 3,2016Q4,3,Tab.2.23
Cost-Based,2016Q4,50,Tab.2.23
Level 1,2017Q1,2,Tab.2.23
Level 2,2017Q1,1,Tab.2.23
Level 3,2017Q1,3,Tab.2.23
Cost-Based,2017Q1,50,Tab.2.23
Level 1,2017Q2,2,Tab.2.23
Level 2,2017Q2,1,Tab.2.23
Level 3,2017Q2,3,Tab.2.23
Cost-Based,2017Q2,50,Tab.2.23
Level 1,2017Q3,2,Tab.2.23
Level 2,2017Q3,1,Tab.2.23
Level 3,2017Q3,3,Tab.2.23
Cost-Based,2017Q3,50,Tab.2.23
Level 1,2017Q4,4,Tab.2.23
Level 2,2017Q4,1,Tab.2.23
Level 3,2017Q4,5,Tab.2.23
Cost-Based,2017Q4,65,Tab.2.23
Level 1,2018Q1,4,Tab.2.23
Level 2,2018Q1,1,Tab.2.23
Level 3,2018Q1,6,Tab.2.23
Cost-Based,2018Q1,65,Tab.2.23
Level 1,2018Q2,4,Tab.2.23
Level 2,2018Q2,1,Tab.2.23
Level 3,2018Q2,6,Tab.2.23
Cost-Based,2018Q2,65,Tab.2.23
Level 1,2018Q3,4,Tab.2.23
Level 2,2018Q3,1,Tab.2.23
Level 3,2018Q3,6,Tab.2.23
Cost-Based,2018Q3,65,Tab.2.23
Level 1,2018Q4,5,Tab.2.23
Level 2,2018Q4,1,Tab.2.23
Level 3,2018Q4,6,Tab.2.23
Cost-Based,2018Q4,103,Tab.2.23
Level 1,2019Q1,5,Tab.2.23
Level 2,2019Q1,1,Tab.2.23
Level 3,2019Q1,6,Tab.2.23
Cost-Based,2019Q1,106,Tab.2.23
Level 1,2019Q2,5,Tab.2.23
Level 2,2019Q2,1,Tab.2.23
Level 3,2019Q2,6,Tab.2.23
Cost-Based,2019Q2,106,Tab.2.23
Level 1,2019Q3,5,Tab.2.23
Level 2,2019Q3,1,Tab.2.23
Level 3,2019Q3,6,Tab.2.23
Cost-Based,2019Q3,106,Tab.2.23
Level 1,2019Q4,7,Tab.2.23
Level 2,2019Q4,2,Tab.2.23
Level 3,2019Q4,8,Tab.2.23
Cost-Based,2019Q4,128,Tab.2.23
Level 1,2020Q1,7,Tab.2.23
Level 2,2020Q1,2,Tab.2.23
Level 3,2020Q1,7,Tab.2.23
Cost-Based,2020Q1,128,Tab.2.23
Level 1,2020Q2,7,Tab.2.23
Level 2,2020Q2,2,Tab.2.23
Level 3,2020Q2,7,Tab.2.23
Cost-Based,2020Q2,128,Tab.2.23
Level 1,2020Q3,7,Tab.2.23
Level 2,2020Q3,2,Tab.2.23
Level 3,2020Q3,7,Tab.2.23
Cost-Based,2020Q3,128,Tab.2.23
Level 1,2020Q4,7,Tab.2.23
Level 2,2020Q4,7,Tab.2.23
Level 3,2020Q4,7,Tab.2.23
Cost-Based,2020Q4,160,Tab.2.23
Level 1,2021Q1,7,Tab.2.23
Level 2,2021Q1,7,Tab.2.23
Level 3,2021Q1,7,Tab.2.23
Cost-Based,2021Q1,167,Tab.2.23
Level 1,2021Q2,7,Tab.2.23
Level 2,2021Q2,7,Tab.2.23
Level 3,2021Q2,8,Tab.2.23
Cost-Based,2021Q2,167,Tab.2.23
Level 1,2021Q3,7,Tab.2.23
Level 2,2021Q3,7,Tab.2.23
Level 3,2021Q3,8,Tab.2.23
Cost-Based,2021Q3,167,Tab.2.23
Level 1,2021Q4,11,Tab.2.23
Level 2,2021Q4,6,Tab.2.23
Level 3,2021Q4,9,Tab.2.23
Cost-Based,2021Q4,253,Tab.2.23
Level 1,2022Q1,11,Tab.2.23
Level 2,2022Q1,6,Tab.2.23
Level 3,2022Q1,9,Tab.2.23
Cost-Based,2022Q1,246,Tab.2.23
Level 1,2022Q2,11,Tab.2.23
Level 2,2022Q2,6,Tab.2.23
Level 3,2022Q2,8,Tab.2.23
Cost-Based,2022Q2,246,Tab.2.23
Level 1,2022Q3,11,Tab.2.23
Level 2,2022Q3,6,Tab.2.23
Level 3,2022Q3,8,Tab.2.23
Cost-Based,2022Q3,246,Tab.2.23
Level 1,2022Q4,7,Tab.2.23
Level 2,2022Q4,10,Tab.2.23
Level 3,2022Q4,8,Tab.2.23
Cost-Based,2022Q4,275,Tab.2.23
Level 1,2023Q1,7,Tab.2.23
Level 2,2023Q1,10,Tab.2.23
Level 3,2023Q1,8,Tab.2.23
Cost-Based,2023Q1,272,Tab.2.23
Level 1,2023Q2,7,Tab.2.23
Level 2,2023Q2,10,Tab.2.23
Level 3,2023Q2,8,Tab.2.23
Cost-Based,2023Q2,272,Tab.2.23
Level 1,2023Q3,7,Tab.2.23
Level 2,2023Q3,10,Tab.2.23
Level 3,2023Q3,8,Tab.2.23
Cost-Based,2023Q3,272,Tab.2.23
Level 1,2023Q4,11,Tab.2.23
Level 2,2023Q4,8,Tab.2.23
Level 3,2023Q4,9,Tab.2.23
Cost-Based,2023Q4,265,Tab.2.23
Level 1,2024Q1,11,Tab.2.23
Level 2,2024Q1,8,Tab.2.23
Level 3,2024Q1,9,Tab.2.23
Cost-Based,2024Q1,265,Tab.2.23
Level 1,2024Q2,11,Tab.2.23
Level 2,2024Q2,8,Tab.2.23
Level 3,2024Q2,9,Tab.2.23
Cost-Based,2024Q2,264,Tab.2.23
Level 1,2024Q3,11,Tab.2.23
Level 2,2024Q3,8,Tab.2.23
Level 3,2024Q3,9,Tab.2.23
Cost-Based,2024Q3,266,Tab.2.23
Level 1,2024Q4,7,Tab.2.23
Level 2,2024Q4,26,Tab.2.23
Level 3,2024Q4,8,Tab.2.23
Cost-Based,2024Q4,290,Tab.2.23
Level 1,2025Q1,7,Tab.2.23
Level 2,2025Q1,26,Tab.2.23
Level 3,2025Q1,8,Tab.2.23
Cost-Based,2025Q1,293,Tab.2.23
