period,quarter,cumulative_pct,liquidity_type
At most 1 day,2013Q1,0.062,investor_liquidity
At most 7 days,2013Q1,0.085,investor_liquidity
At most 30 days,2013Q1,0.237,investor_liquidity
At most 90 days,2013Q1,0.436,investor_liquidity
At most 180 days,2013Q1,0.579,investor_liquidity
At most 365 days,2013Q1,0.753,investor_liquidity
At most 1 day,2013Q2,0.068,investor_liquidity
At most 7 days,2013Q2,0.088,investor_liquidity
At most 30 days,2013Q2,0.227,investor_liquidity
At most 90 days,2013Q2,0.429,investor_liquidity
At most 180 days,2013Q2,0.58,investor_liquidity
At most 365 days,2013Q2,0.756,investor_liquidity
At most 1 day,2013Q3,0.065,investor_liquidity
At most 7 days,2013Q3,0.087,investor_liquidity
At most 30 days,2013Q3,0.222,investor_liquidity
At most 90 days,2013Q3,0.437,investor_liquidity
At most 180 days,2013Q3,0.595,investor_liquidity
At most 365 days,2013Q3,0.744,investor_liquidity
At most 1 day,2013Q4,0.077,investor_liquidity
At most 7 days,2013Q4,0.113,investor_liquidity
At most 30 days,2013Q4,0.245,investor_liquidity
At most 90 days,2013Q4,0.485,investor_liquidity
At most 180 days,2013Q4,0.579,investor_liquidity
At most 365 days,2013Q4,0.755,investor_liquidity
At most 1 day,2014Q1,0.099,investor_liquidity
At most 7 days,2014Q1,0.119,investor_liquidity
At most 30 days,2014Q1,0.263,investor_liquidity
At most 90 days,2014Q1,0.449,investor_liquidity
At most 180 days,2014Q1,0.595,investor_liquidity
At most 365 days,2014Q1,0.76,investor_liquidity
At most 1 day,2014Q2,0.078,investor_liquidity
At most 7 days,2014Q2,0.11,investor_liquidity
At most 30 days,2014Q2,0.243,investor_liquidity
At most 90 days,2014Q2,0.442,investor_liquidity
At most 180 days,2014Q2,0.584,investor_liquidity
At most 365 days,2014Q2,0.756,investor_liquidity
At most 1 day,2014Q3,0.064,investor_liquidity
At most 7 days,2014Q3,0.103,investor_liquidity
At most 30 days,2014Q3,0.241,investor_liquidity
At most 90 days,2014Q3,0.458,investor_liquidity
At most 180 days,2014Q3,0.62,investor_liquidity
At most 365 days,2014Q3,0.757,investor_liquidity
At most 1 day,2014Q4,0.076,investor_liquidity
At most 7 days,2014Q4,0.114,investor_liquidity
At most 30 days,2014Q4,0.259,investor_liquidity
At most 90 days,2014Q4,0.497,investor_liquidity
At most 180 days,2014Q4,0.59,investor_liquidity
At most 365 days,2014Q4,0.755,investor_liquidity
At most 1 day,2015Q1,0.067,investor_liquidity
At most 7 days,2015Q1,0.128,investor_liquidity
At most 30 days,2015Q1,0.272,investor_liquidity
At most 90 days,2015Q1,0.465,investor_liquidity
At most 180 days,2015Q1,0.604,investor_liquidity
At most 365 days,2015Q1,0.752,investor_liquidity
At most 1 day,2015Q2,0.069,investor_liquidity
At most 7 days,2015Q2,0.131,investor_liquidity
At most 30 days,2015Q2,0.258,investor_liquidity
At most 90 days,2015Q2,0.457,investor_liquidity
At most 180 days,2015Q2,0.6,investor_liquidity
At most 365 days,2015Q2,0.748,investor_liquidity
At most 1 day,2015Q3,0.07,investor_liquidity
At most 7 days,2015Q3,0.134,investor_liquidity
At most 30 days,2015Q3,0.263,investor_liquidity
At most 90 days,2015Q3,0.467,investor_liquidity
At most 180 days,2015Q3,0.625,investor_liquidity
At most 365 days,2015Q3,0.747,investor_liquidity
At most 1 day,2015Q4,0.07,investor_liquidity
At most 7 days,2015Q4,0.132,investor_liquidity
At most 30 days,2015Q4,0.253,investor_liquidity
At most 90 days,2015Q4,0.453,investor_liquidity
At most 180 days,2015Q4,0.583,investor_liquidity
At most 365 days,2015Q4,0.728,investor_liquidity
At most 1 day,2016Q1,0.076,investor_liquidity
At most 7 days,2016Q1,0.138,investor_liquidity
At most 30 days,2016Q1,0.273,investor_liquidity
At most 90 days,2016Q1,0.469,investor_liquidity
At most 180 days,2016Q1,0.603,investor_liquidity
At most 365 days,2016Q1,0.752,investor_liquidity
At most 1 day,2016Q2,0.078,investor_liquidity
At most 7 days,2016Q2,0.139,investor_liquidity
At most 30 days,2016Q2,0.271,investor_liquidity
At most 90 days,2016Q2,0.466,investor_liquidity
At most 180 days,2016Q2,0.6,investor_liquidity
At most 365 days,2016Q2,0.755,investor_liquidity
At most 1 day,2016Q3,0.081,investor_liquidity
At most 7 days,2016Q3,0.142,investor_liquidity
At most 30 days,2016Q3,0.264,investor_liquidity
At most 90 days,2016Q3,0.471,investor_liquidity
At most 180 days,2016Q3,0.618,investor_liquidity
At most 365 days,2016Q3,0.746,investor_liquidity
At most 1 day,2016Q4,0.079,investor_liquidity
At most 7 days,2016Q4,0.139,investor_liquidity
At most 30 days,2016Q4,0.264,investor_liquidity
At most 90 days,2016Q4,0.495,investor_liquidity
At most 180 days,2016Q4,0.587,investor_liquidity
At most 365 days,2016Q4,0.741,investor_liquidity
At most 1 day,2017Q1,0.082,investor_liquidity
At most 7 days,2017Q1,0.143,investor_liquidity
At most 30 days,2017Q1,0.285,investor_liquidity
At most 90 days,2017Q1,0.475,investor_liquidity
At most 180 days,2017Q1,0.597,investor_liquidity
At most 365 days,2017Q1,0.741,investor_liquidity
At most 1 day,2017Q2,0.081,investor_liquidity
At most 7 days,2017Q2,0.144,investor_liquidity
At most 30 days,2017Q2,0.271,investor_liquidity
At most 90 days,2017Q2,0.466,investor_liquidity
At most 180 days,2017Q2,0.593,investor_liquidity
At most 365 days,2017Q2,0.739,investor_liquidity
At most 1 day,2017Q3,0.083,investor_liquidity
At most 7 days,2017Q3,0.146,investor_liquidity
At most 30 days,2017Q3,0.275,investor_liquidity
At most 90 days,2017Q3,0.482,investor_liquidity
At most 180 days,2017Q3,0.616,investor_liquidity
At most 365 days,2017Q3,0.736,investor_liquidity
At most 1 day,2017Q4,0.085,investor_liquidity
At most 7 days,2017Q4,0.15,investor_liquidity
At most 30 days,2017Q4,0.28,investor_liquidity
At most 90 days,2017Q4,0.509,investor_liquidity
At most 180 days,2017Q4,0.6,investor_liquidity
At most 365 days,2017Q4,0.738,investor_liquidity
At most 1 day,2018Q1,0.089,investor_liquidity
At most 7 days,2018Q1,0.154,investor_liquidity
At most 30 days,2018Q1,0.3,investor_liquidity
At most 90 days,2018Q1,0.489,investor_liquidity
At most 180 days,2018Q1,0.603,investor_liquidity
At most 365 days,2018Q1,0.741,investor_liquidity
At most 1 day,2018Q2,0.09,investor_liquidity
At most 7 days,2018Q2,0.152,investor_liquidity
At most 30 days,2018Q2,0.278,investor_liquidity
At most 90 days,2018Q2,0.475,investor_liquidity
At most 180 days,2018Q2,0.588,investor_liquidity
At most 365 days,2018Q2,0.735,investor_liquidity
At most 1 day,2018Q3,0.088,investor_liquidity
At most 7 days,2018Q3,0.149,investor_liquidity
At most 30 days,2018Q3,0.277,investor_liquidity
At most 90 days,2018Q3,0.479,investor_liquidity
At most 180 days,2018Q3,0.612,investor_liquidity
At most 365 days,2018Q3,0.736,investor_liquidity
At most 1 day,2018Q4,0.084,investor_liquidity
At most 7 days,2018Q4,0.148,investor_liquidity
At most 30 days,2018Q4,0.278,investor_liquidity
At most 90 days,2018Q4,0.502,investor_liquidity
At most 180 days,2018Q4,0.584,investor_liquidity
At most 365 days,2018Q4,0.718,investor_liquidity
At most 1 day,2019Q1,0.085,investor_liquidity
At most 7 days,2019Q1,0.145,investor_liquidity
At most 30 days,2019Q1,0.292,investor_liquidity
At most 90 days,2019Q1,0.479,investor_liquidity
At most 180 days,2019Q1,0.586,investor_liquidity
At most 365 days,2019Q1,0.708,investor_liquidity
At most 1 day,2019Q2,0.081,investor_liquidity
At most 7 days,2019Q2,0.14,investor_liquidity
At most 30 days,2019Q2,0.273,investor_liquidity
At most 90 days,2019Q2,0.465,investor_liquidity
At most 180 days,2019Q2,0.574,investor_liquidity
At most 365 days,2019Q2,0.702,investor_liquidity
At most 1 day,2019Q3,0.076,investor_liquidity
At most 7 days,2019Q3,0.138,investor_liquidity
At most 30 days,2019Q3,0.27,investor_liquidity
At most 90 days,2019Q3,0.47,investor_liquidity
At most 180 days,2019Q3,0.586,investor_liquidity
At most 365 days,2019Q3,0.697,investor_liquidity
At most 1 day,2019Q4,0.077,investor_liquidity
At most 7 days,2019Q4,0.131,investor_liquidity
At most 30 days,2019Q4,0.265,investor_liquidity
At most 90 days,2019Q4,0.463,investor_liquidity
At most 180 days,2019Q4,0.57,investor_liquidity
At most 365 days,2019Q4,0.689,investor_liquidity
At most 1 day,2020Q1,0.078,investor_liquidity
At most 7 days,2020Q1,0.129,investor_liquidity
At most 30 days,2020Q1,0.258,investor_liquidity
At most 90 days,2020Q1,0.445,investor_liquidity
At most 180 days,2020Q1,0.554,investor_liquidity
At most 365 days,2020Q1,0.676,investor_liquidity
At most 1 day,2020Q2,0.076,investor_liquidity
At most 7 days,2020Q2,0.131,investor_liquidity
At most 30 days,2020Q2,0.247,investor_liquidity
At most 90 days,2020Q2,0.43,investor_liquidity
At most 180 days,2020Q2,0.535,investor_liquidity
At most 365 days,2020Q2,0.67,investor_liquidity
At most 1 day,2020Q3,0.077,investor_liquidity
At most 7 days,2020Q3,0.132,investor_liquidity
At most 30 days,2020Q3,0.246,investor_liquidity
At most 90 days,2020Q3,0.428,investor_liquidity
At most 180 days,2020Q3,0.547,investor_liquidity
At most 365 days,2020Q3,0.662,investor_liquidity
At most 1 day,2020Q4,0.068,investor_liquidity
At most 7 days,2020Q4,0.101,investor_liquidity
At most 30 days,2020Q4,0.226,investor_liquidity
At most 90 days,2020Q4,0.438,investor_liquidity
At most 180 days,2020Q4,0.518,investor_liquidity
At most 365 days,2020Q4,0.648,investor_liquidity
At most 1 day,2021Q1,0.062,investor_liquidity
At most 7 days,2021Q1,0.095,investor_liquidity
At most 30 days,2021Q1,0.224,investor_liquidity
At most 90 days,2021Q1,0.399,investor_liquidity
At most 180 days,2021Q1,0.512,investor_liquidity
At most 365 days,2021Q1,0.638,investor_liquidity
At most 1 day,2021Q2,0.078,investor_liquidity
At most 7 days,2021Q2,0.117,investor_liquidity
At most 30 days,2021Q2,0.235,investor_liquidity
At most 90 days,2021Q2,0.404,investor_liquidity
At most 180 days,2021Q2,0.514,investor_liquidity
At most 365 days,2021Q2,0.646,investor_liquidity
At most 1 day,2021Q3,0.075,investor_liquidity
At most 7 days,2021Q3,0.111,investor_liquidity
At most 30 days,2021Q3,0.231,investor_liquidity
At most 90 days,2021Q3,0.403,investor_liquidity
At most 180 days,2021Q3,0.523,investor_liquidity
At most 365 days,2021Q3,0.634,investor_liquidity
At most 1 day,2021Q4,0.075,investor_liquidity
At most 7 days,2021Q4,0.11,investor_liquidity
At most 30 days,2021Q4,0.231,investor_liquidity
At most 90 days,2021Q4,0.43,investor_liquidity
At most 180 days,2021Q4,0.504,investor_liquidity
At most 365 days,2021Q4,0.628,investor_liquidity
At most 1 day,2022Q1,0.075,investor_liquidity
At most 7 days,2022Q1,0.109,investor_liquidity
At most 30 days,2022Q1,0.234,investor_liquidity
At most 90 days,2022Q1,0.398,investor_liquidity
At most 180 days,2022Q1,0.502,investor_liquidity
At most 365 days,2022Q1,0.622,investor_liquidity
At most 1 day,2022Q2,0.057,investor_liquidity
At most 7 days,2022Q2,0.086,investor_liquidity
At most 30 days,2022Q2,0.2,investor_liquidity
At most 90 days,2022Q2,0.368,investor_liquidity
At most 180 days,2022Q2,0.471,investor_liquidity
At most 365 days,2022Q2,0.604,investor_liquidity
At most 1 day,2022Q3,0.055,investor_liquidity
At most 7 days,2022Q3,0.082,investor_liquidity
At most 30 days,2022Q3,0.19,investor_liquidity
At most 90 days,2022Q3,0.357,investor_liquidity
At most 180 days,2022Q3,0.475,investor_liquidity
At most 365 days,2022Q3,0.59,investor_liquidity
At most 1 day,2022Q4,0.056,investor_liquidity
At most 7 days,2022Q4,0.082,investor_liquidity
At most 30 days,2022Q4,0.185,investor_liquidity
At most 90 days,2022Q4,0.379,investor_liquidity
At most 180 days,2022Q4,0.457,investor_liquidity
At most 365 days,2022Q4,0.584,investor_liquidity
At most 1 day,2023Q1,0.054,investor_liquidity
At most 7 days,2023Q1,0.075,investor_liquidity
At most 30 days,2023Q1,0.186,investor_liquidity
At most 90 days,2023Q1,0.346,investor_liquidity
At most 180 days,2023Q1,0.455,investor_liquidity
At most 365 days,2023Q1,0.566,investor_liquidity
At most 1 day,2023Q2,0.056,investor_liquidity
At most 7 days,2023Q2,0.077,investor_liquidity
At most 30 days,2023Q2,0.179,investor_liquidity
At most 90 days,2023Q2,0.342,investor_liquidity
At most 180 days,2023Q2,0.444,investor_liquidity
At most 365 days,2023Q2,0.564,investor_liquidity
At most 1 day,2023Q3,0.054,investor_liquidity
At most 7 days,2023Q3,0.075,investor_liquidity
At most 30 days,2023Q3,0.172,investor_liquidity
At most 90 days,2023Q3,0.334,investor_liquidity
At most 180 days,2023Q3,0.45,investor_liquidity
At most 365 days,2023Q3,0.552,investor_liquidity
At most 1 day,2023Q4,0.058,investor_liquidity
At most 7 days,2023Q4,0.079,investor_liquidity
At most 30 days,2023Q4,0.176,investor_liquidity
At most 90 days,2023Q4,0.334,investor_liquidity
At most 180 days,2023Q4,0.435,investor_liquidity
At most 365 days,2023Q4,0.555,investor_liquidity
At most 1 day,2024Q1,0.057,investor_liquidity
At most 7 days,2024Q1,0.076,investor_liquidity
At most 30 days,2024Q1,0.176,investor_liquidity
At most 90 days,2024Q1,0.332,investor_liquidity
At most 180 days,2024Q1,0.439,investor_liquidity
At most 365 days,2024Q1,0.566,investor_liquidity
At most 1 day,2024Q2,0.071,investor_liquidity
At most 7 days,2024Q2,0.09,investor_liquidity
At most 30 days,2024Q2,0.181,investor_liquidity
At most 90 days,2024Q2,0.34,investor_liquidity
At most 180 days,2024Q2,0.447,investor_liquidity
At most 365 days,2024Q2,0.578,investor_liquidity
At most 1 day,2024Q3,0.072,investor_liquidity
At most 7 days,2024Q3,0.093,investor_liquidity
At most 30 days,2024Q3,0.185,investor_liquidity
At most 90 days,2024Q3,0.343,investor_liquidity
At most 180 days,2024Q3,0.458,investor_liquidity
At most 365 days,2024Q3,0.573,investor_liquidity
At most 1 day,2024Q4,0.072,investor_liquidity
At most 7 days,2024Q4,0.092,investor_liquidity
At most 30 days,2024Q4,0.185,investor_liquidity
At most 90 days,2024Q4,0.367,investor_liquidity
At most 180 days,2024Q4,0.445,investor_liquidity
At most 365 days,2024Q4,0.571,investor_liquidity
At most 1 day,2025Q1,0.07,investor_liquidity
At most 7 days,2025Q1,0.089,investor_liquidity
At most 30 days,2025Q1,0.191,investor_liquidity
At most 90 days,2025Q1,0.34,investor_liquidity
At most 180 days,2025Q1,0.447,investor_liquidity
At most 365 days,2025Q1,0.57,investor_liquidity
At most 1 day,2013Q1,0.374,portfolio_liquidity
At most 7 days,2013Q1,0.618,portfolio_liquidity
At most 30 days,2013Q1,0.773,portfolio_liquidity
At most 90 days,2013Q1,0.844,portfolio_liquidity
At most 180 days,2013Q1,0.88,portfolio_liquidity
At most 365 days,2013Q1,0.917,portfolio_liquidity
At most 1 day,2013Q2,0.381,portfolio_liquidity
At most 7 days,2013Q2,0.62,portfolio_liquidity
At most 30 days,2013Q2,0.774,portfolio_liquidity
At most 90 days,2013Q2,0.846,portfolio_liquidity
At most 180 days,2013Q2,0.88,portfolio_liquidity
At most 365 days,2013Q2,0.917,portfolio_liquidity
At most 1 day,2013Q3,0.378,portfolio_liquidity
At most 7 days,2013Q3,0.616,portfolio_liquidity
At most 30 days,2013Q3,0.774,portfolio_liquidity
At most 90 days,2013Q3,0.845,portfolio_liquidity
At most 180 days,2013Q3,0.882,portfolio_liquidity
At most 365 days,2013Q3,0.918,portfolio_liquidity
At most 1 day,2013Q4,0.39,portfolio_liquidity
At most 7 days,2013Q4,0.629,portfolio_liquidity
At most 30 days,2013Q4,0.784,portfolio_liquidity
At most 90 days,2013Q4,0.855,portfolio_liquidity
At most 180 days,2013Q4,0.889,portfolio_liquidity
At most 365 days,2013Q4,0.922,portfolio_liquidity
At most 1 day,2014Q1,0.397,portfolio_liquidity
At most 7 days,2014Q1,0.637,portfolio_liquidity
At most 30 days,2014Q1,0.787,portfolio_liquidity
At most 90 days,2014Q1,0.853,portfolio_liquidity
At most 180 days,2014Q1,0.889,portfolio_liquidity
At most 365 days,2014Q1,0.92,portfolio_liquidity
At most 1 day,2014Q2,0.399,portfolio_liquidity
At most 7 days,2014Q2,0.637,portfolio_liquidity
At most 30 days,2014Q2,0.784,portfolio_liquidity
At most 90 days,2014Q2,0.851,portfolio_liquidity
At most 180 days,2014Q2,0.887,portfolio_liquidity
At most 365 days,2014Q2,0.921,portfolio_liquidity
At most 1 day,2014Q3,0.4,portfolio_liquidity
At most 7 days,2014Q3,0.637,portfolio_liquidity
At most 30 days,2014Q3,0.784,portfolio_liquidity
At most 90 days,2014Q3,0.855,portfolio_liquidity
At most 180 days,2014Q3,0.894,portfolio_liquidity
At most 365 days,2014Q3,0.924,portfolio_liquidity
At most 1 day,2014Q4,0.399,portfolio_liquidity
At most 7 days,2014Q4,0.628,portfolio_liquidity
At most 30 days,2014Q4,0.779,portfolio_liquidity
At most 90 days,2014Q4,0.857,portfolio_liquidity
At most 180 days,2014Q4,0.895,portfolio_liquidity
At most 365 days,2014Q4,0.924,portfolio_liquidity
At most 1 day,2015Q1,0.401,portfolio_liquidity
At most 7 days,2015Q1,0.637,portfolio_liquidity
At most 30 days,2015Q1,0.783,portfolio_liquidity
At most 90 days,2015Q1,0.858,portfolio_liquidity
At most 180 days,2015Q1,0.894,portfolio_liquidity
At most 365 days,2015Q1,0.925,portfolio_liquidity
At most 1 day,2015Q2,0.397,portfolio_liquidity
At most 7 days,2015Q2,0.632,portfolio_liquidity
At most 30 days,2015Q2,0.774,portfolio_liquidity
At most 90 days,2015Q2,0.85,portfolio_liquidity
At most 180 days,2015Q2,0.886,portfolio_liquidity
At most 365 days,2015Q2,0.919,portfolio_liquidity
At most 1 day,2015Q3,0.41,portfolio_liquidity
At most 7 days,2015Q3,0.637,portfolio_liquidity
At most 30 days,2015Q3,0.771,portfolio_liquidity
At most 90 days,2015Q3,0.843,portfolio_liquidity
At most 180 days,2015Q3,0.878,portfolio_liquidity
At most 365 days,2015Q3,0.913,portfolio_liquidity
At most 1 day,2015Q4,0.402,portfolio_liquidity
At most 7 days,2015Q4,0.633,portfolio_liquidity
At most 30 days,2015Q4,0.766,portfolio_liquidity
At most 90 days,2015Q4,0.834,portfolio_liquidity
At most 180 days,2015Q4,0.87,portfolio_liquidity
At most 365 days,2015Q4,0.905,portfolio_liquidity
At most 1 day,2016Q1,0.408,portfolio_liquidity
At most 7 days,2016Q1,0.644,portfolio_liquidity
At most 30 days,2016Q1,0.77,portfolio_liquidity
At most 90 days,2016Q1,0.831,portfolio_liquidity
At most 180 days,2016Q1,0.865,portfolio_liquidity
At most 365 days,2016Q1,0.901,portfolio_liquidity
At most 1 day,2016Q2,0.408,portfolio_liquidity
At most 7 days,2016Q2,0.64,portfolio_liquidity
At most 30 days,2016Q2,0.766,portfolio_liquidity
At most 90 days,2016Q2,0.825,portfolio_liquidity
At most 180 days,2016Q2,0.862,portfolio_liquidity
At most 365 days,2016Q2,0.899,portfolio_liquidity
At most 1 day,2016Q3,0.394,portfolio_liquidity
At most 7 days,2016Q3,0.628,portfolio_liquidity
At most 30 days,2016Q3,0.761,portfolio_liquidity
At most 90 days,2016Q3,0.825,portfolio_liquidity
At most 180 days,2016Q3,0.859,portfolio_liquidity
At most 365 days,2016Q3,0.896,portfolio_liquidity
At most 1 day,2016Q4,0.396,portfolio_liquidity
At most 7 days,2016Q4,0.625,portfolio_liquidity
At most 30 days,2016Q4,0.756,portfolio_liquidity
At most 90 days,2016Q4,0.818,portfolio_liquidity
At most 180 days,2016Q4,0.853,portfolio_liquidity
At most 365 days,2016Q4,0.891,portfolio_liquidity
At most 1 day,2017Q1,0.38,portfolio_liquidity
At most 7 days,2017Q1,0.611,portfolio_liquidity
At most 30 days,2017Q1,0.754,portfolio_liquidity
At most 90 days,2017Q1,0.814,portfolio_liquidity
At most 180 days,2017Q1,0.851,portfolio_liquidity
At most 365 days,2017Q1,0.891,portfolio_liquidity
At most 1 day,2017Q2,0.381,portfolio_liquidity
At most 7 days,2017Q2,0.617,portfolio_liquidity
At most 30 days,2017Q2,0.756,portfolio_liquidity
At most 90 days,2017Q2,0.817,portfolio_liquidity
At most 180 days,2017Q2,0.852,portfolio_liquidity
At most 365 days,2017Q2,0.89,portfolio_liquidity
At most 1 day,2017Q3,0.377,portfolio_liquidity
At most 7 days,2017Q3,0.615,portfolio_liquidity
At most 30 days,2017Q3,0.755,portfolio_liquidity
At most 90 days,2017Q3,0.819,portfolio_liquidity
At most 180 days,2017Q3,0.853,portfolio_liquidity
At most 365 days,2017Q3,0.889,portfolio_liquidity
At most 1 day,2017Q4,0.38,portfolio_liquidity
At most 7 days,2017Q4,0.618,portfolio_liquidity
At most 30 days,2017Q4,0.753,portfolio_liquidity
At most 90 days,2017Q4,0.816,portfolio_liquidity
At most 180 days,2017Q4,0.851,portfolio_liquidity
At most 365 days,2017Q4,0.889,portfolio_liquidity
At most 1 day,2018Q1,0.388,portfolio_liquidity
At most 7 days,2018Q1,0.621,portfolio_liquidity
At most 30 days,2018Q1,0.75,portfolio_liquidity
At most 90 days,2018Q1,0.814,portfolio_liquidity
At most 180 days,2018Q1,0.848,portfolio_liquidity
At most 365 days,2018Q1,0.887,portfolio_liquidity
At most 1 day,2018Q2,0.389,portfolio_liquidity
At most 7 days,2018Q2,0.621,portfolio_liquidity
At most 30 days,2018Q2,0.749,portfolio_liquidity
At most 90 days,2018Q2,0.812,portfolio_liquidity
At most 180 days,2018Q2,0.847,portfolio_liquidity
At most 365 days,2018Q2,0.889,portfolio_liquidity
At most 1 day,2018Q3,0.387,portfolio_liquidity
At most 7 days,2018Q3,0.619,portfolio_liquidity
At most 30 days,2018Q3,0.749,portfolio_liquidity
At most 90 days,2018Q3,0.808,portfolio_liquidity
At most 180 days,2018Q3,0.842,portfolio_liquidity
At most 365 days,2018Q3,0.882,portfolio_liquidity
At most 1 day,2018Q4,0.393,portfolio_liquidity
At most 7 days,2018Q4,0.612,portfolio_liquidity
At most 30 days,2018Q4,0.737,portfolio_liquidity
At most 90 days,2018Q4,0.794,portfolio_liquidity
At most 180 days,2018Q4,0.829,portfolio_liquidity
At most 365 days,2018Q4,0.868,portfolio_liquidity
At most 1 day,2019Q1,0.37,portfolio_liquidity
At most 7 days,2019Q1,0.603,portfolio_liquidity
At most 30 days,2019Q1,0.73,portfolio_liquidity
At most 90 days,2019Q1,0.79,portfolio_liquidity
At most 180 days,2019Q1,0.827,portfolio_liquidity
At most 365 days,2019Q1,0.867,portfolio_liquidity
At most 1 day,2019Q2,0.363,portfolio_liquidity
At most 7 days,2019Q2,0.599,portfolio_liquidity
At most 30 days,2019Q2,0.724,portfolio_liquidity
At most 90 days,2019Q2,0.786,portfolio_liquidity
At most 180 days,2019Q2,0.823,portfolio_liquidity
At most 365 days,2019Q2,0.864,portfolio_liquidity
At most 1 day,2019Q3,0.359,portfolio_liquidity
At most 7 days,2019Q3,0.587,portfolio_liquidity
At most 30 days,2019Q3,0.714,portfolio_liquidity
At most 90 days,2019Q3,0.778,portfolio_liquidity
At most 180 days,2019Q3,0.817,portfolio_liquidity
At most 365 days,2019Q3,0.86,portfolio_liquidity
At most 1 day,2019Q4,0.348,portfolio_liquidity
At most 7 days,2019Q4,0.57,portfolio_liquidity
At most 30 days,2019Q4,0.701,portfolio_liquidity
At most 90 days,2019Q4,0.764,portfolio_liquidity
At most 180 days,2019Q4,0.803,portfolio_liquidity
At most 365 days,2019Q4,0.852,portfolio_liquidity
At most 1 day,2020Q1,0.395,portfolio_liquidity
At most 7 days,2020Q1,0.596,portfolio_liquidity
At most 30 days,2020Q1,0.706,portfolio_liquidity
At most 90 days,2020Q1,0.759,portfolio_liquidity
At most 180 days,2020Q1,0.795,portfolio_liquidity
At most 365 days,2020Q1,0.838,portfolio_liquidity
At most 1 day,2020Q2,0.378,portfolio_liquidity
At most 7 days,2020Q2,0.591,portfolio_liquidity
At most 30 days,2020Q2,0.704,portfolio_liquidity
At most 90 days,2020Q2,0.763,portfolio_liquidity
At most 180 days,2020Q2,0.805,portfolio_liquidity
At most 365 days,2020Q2,0.847,portfolio_liquidity
At most 1 day,2020Q3,0.354,portfolio_liquidity
At most 7 days,2020Q3,0.569,portfolio_liquidity
At most 30 days,2020Q3,0.697,portfolio_liquidity
At most 90 days,2020Q3,0.759,portfolio_liquidity
At most 180 days,2020Q3,0.801,portfolio_liquidity
At most 365 days,2020Q3,0.846,portfolio_liquidity
At most 1 day,2020Q4,0.326,portfolio_liquidity
At most 7 days,2020Q4,0.551,portfolio_liquidity
At most 30 days,2020Q4,0.685,portfolio_liquidity
At most 90 days,2020Q4,0.751,portfolio_liquidity
At most 180 days,2020Q4,0.794,portfolio_liquidity
At most 365 days,2020Q4,0.843,portfolio_liquidity
At most 1 day,2021Q1,0.334,portfolio_liquidity
At most 7 days,2021Q1,0.546,portfolio_liquidity
At most 30 days,2021Q1,0.676,portfolio_liquidity
At most 90 days,2021Q1,0.742,portfolio_liquidity
At most 180 days,2021Q1,0.783,portfolio_liquidity
At most 365 days,2021Q1,0.835,portfolio_liquidity
At most 1 day,2021Q2,0.338,portfolio_liquidity
At most 7 days,2021Q2,0.546,portfolio_liquidity
At most 30 days,2021Q2,0.675,portfolio_liquidity
At most 90 days,2021Q2,0.741,portfolio_liquidity
At most 180 days,2021Q2,0.782,portfolio_liquidity
At most 365 days,2021Q2,0.832,portfolio_liquidity
At most 1 day,2021Q3,0.332,portfolio_liquidity
At most 7 days,2021Q3,0.532,portfolio_liquidity
At most 30 days,2021Q3,0.661,portfolio_liquidity
At most 90 days,2021Q3,0.73,portfolio_liquidity
At most 180 days,2021Q3,0.773,portfolio_liquidity
At most 365 days,2021Q3,0.822,portfolio_liquidity
At most 1 day,2021Q4,0.336,portfolio_liquidity
At most 7 days,2021Q4,0.529,portfolio_liquidity
At most 30 days,2021Q4,0.657,portfolio_liquidity
At most 90 days,2021Q4,0.724,portfolio_liquidity
At most 180 days,2021Q4,0.77,portfolio_liquidity
At most 365 days,2021Q4,0.818,portfolio_liquidity
At most 1 day,2022Q1,0.353,portfolio_liquidity
At most 7 days,2022Q1,0.534,portfolio_liquidity
At most 30 days,2022Q1,0.648,portfolio_liquidity
At most 90 days,2022Q1,0.711,portfolio_liquidity
At most 180 days,2022Q1,0.755,portfolio_liquidity
At most 365 days,2022Q1,0.805,portfolio_liquidity
At most 1 day,2022Q2,0.335,portfolio_liquidity
At most 7 days,2022Q2,0.514,portfolio_liquidity
At most 30 days,2022Q2,0.623,portfolio_liquidity
At most 90 days,2022Q2,0.683,portfolio_liquidity
At most 180 days,2022Q2,0.735,portfolio_liquidity
At most 365 days,2022Q2,0.793,portfolio_liquidity
At most 1 day,2022Q3,0.335,portfolio_liquidity
At most 7 days,2022Q3,0.504,portfolio_liquidity
At most 30 days,2022Q3,0.612,portfolio_liquidity
At most 90 days,2022Q3,0.676,portfolio_liquidity
At most 180 days,2022Q3,0.728,portfolio_liquidity
At most 365 days,2022Q3,0.786,portfolio_liquidity
At most 1 day,2022Q4,0.321,portfolio_liquidity
At most 7 days,2022Q4,0.494,portfolio_liquidity
At most 30 days,2022Q4,0.602,portfolio_liquidity
At most 90 days,2022Q4,0.664,portfolio_liquidity
At most 180 days,2022Q4,0.718,portfolio_liquidity
At most 365 days,2022Q4,0.778,portfolio_liquidity
At most 1 day,2023Q1,0.314,portfolio_liquidity
At most 7 days,2023Q1,0.489,portfolio_liquidity
At most 30 days,2023Q1,0.591,portfolio_liquidity
At most 90 days,2023Q1,0.651,portfolio_liquidity
At most 180 days,2023Q1,0.707,portfolio_liquidity
At most 365 days,2023Q1,0.765,portfolio_liquidity
At most 1 day,2023Q2,0.312,portfolio_liquidity
At most 7 days,2023Q2,0.491,portfolio_liquidity
At most 30 days,2023Q2,0.596,portfolio_liquidity
At most 90 days,2023Q2,0.656,portfolio_liquidity
At most 180 days,2023Q2,0.706,portfolio_liquidity
At most 365 days,2023Q2,0.766,portfolio_liquidity
At most 1 day,2023Q3,0.303,portfolio_liquidity
At most 7 days,2023Q3,0.483,portfolio_liquidity
At most 30 days,2023Q3,0.582,portfolio_liquidity
At most 90 days,2023Q3,0.643,portfolio_liquidity
At most 180 days,2023Q3,0.694,portfolio_liquidity
At most 365 days,2023Q3,0.757,portfolio_liquidity
At most 1 day,2023Q4,0.307,portfolio_liquidity
At most 7 days,2023Q4,0.487,portfolio_liquidity
At most 30 days,2023Q4,0.59,portfolio_liquidity
At most 90 days,2023Q4,0.652,portfolio_liquidity
At most 180 days,2023Q4,0.699,portfolio_liquidity
At most 365 days,2023Q4,0.761,portfolio_liquidity
At most 1 day,2024Q1,0.308,portfolio_liquidity
At most 7 days,2024Q1,0.488,portfolio_liquidity
At most 30 days,2024Q1,0.592,portfolio_liquidity
At most 90 days,2024Q1,0.652,portfolio_liquidity
At most 180 days,2024Q1,0.699,portfolio_liquidity
At most 365 days,2024Q1,0.761,portfolio_liquidity
At most 1 day,2024Q2,0.312,portfolio_liquidity
At most 7 days,2024Q2,0.49,portfolio_liquidity
At most 30 days,2024Q2,0.593,portfolio_liquidity
At most 90 days,2024Q2,0.65,portfolio_liquidity
At most 180 days,2024Q2,0.697,portfolio_liquidity
At most 365 days,2024Q2,0.759,portfolio_liquidity
At most 1 day,2024Q3,0.31,portfolio_liquidity
At most 7 days,2024Q3,0.487,portfolio_liquidity
At most 30 days,2024Q3,0.59,portfolio_liquidity
At most 90 days,2024Q3,0.65,portfolio_liquidity
At most 180 days,2024Q3,0.696,portfolio_liquidity
At most 365 days,2024Q3,0.759,portfolio_liquidity
At most 1 day,2024Q4,0.313,portfolio_liquidity
At most 7 days,2024Q4,0.494,portfolio_liquidity
At most 30 days,2024Q4,0.596,portfolio_liquidity
At most 90 days,2024Q4,0.653,portfolio_liquidity
At most 180 days,2024Q4,0.699,portfolio_liquidity
At most 365 days,2024Q4,0.761,portfolio_liquidity
At most 1 day,2025Q1,0.335,portfolio_liquidity
At most 7 days,2025Q1,0.509,portfolio_liquidity
At most 30 days,2025Q1,0.603,portfolio_liquidity
At most 90 days,2025Q1,0.654,portfolio_liquidity
At most 180 days,2025Q1,0.698,portfolio_liquidity
At most 365 days,2025Q1,0.757,portfolio_liquidity
At most 1 day,2013Q1,0.452,financing_liquidity
At most 7 days,2013Q1,0.579,financing_liquidity
At most 30 days,2013Q1,0.673,financing_liquidity
At most 90 days,2013Q1,0.841,financing_liquidity
At most 180 days,2013Q1,0.959,financing_liquidity
At most 365 days,2013Q1,0.978,financing_liquidity
At most 1 day,2013Q2,0.475,financing_liquidity
At most 7 days,2013Q2,0.573,financing_liquidity
At most 30 days,2013Q2,0.659,financing_liquidity
At most 90 days,2013Q2,0.843,financing_liquidity
At most 180 days,2013Q2,0.961,financing_liquidity
At most 365 days,2013Q2,0.978,financing_liquidity
At most 1 day,2013Q3,0.487,financing_liquidity
At most 7 days,2013Q3,0.56,financing_liquidity
At most 30 days,2013Q3,0.65,financing_liquidity
At most 90 days,2013Q3,0.851,financing_liquidity
At most 180 days,2013Q3,0.965,financing_liquidity
At most 365 days,2013Q3,0.981,financing_liquidity
At most 1 day,2013Q4,0.421,financing_liquidity
At most 7 days,2013Q4,0.511,financing_liquidity
At most 30 days,2013Q4,0.628,financing_liquidity
At most 90 days,2013Q4,0.831,financing_liquidity
At most 180 days,2013Q4,0.961,financing_liquidity
At most 365 days,2013Q4,0.979,financing_liquidity
At most 1 day,2014Q1,0.449,financing_liquidity
At most 7 days,2014Q1,0.523,financing_liquidity
At most 30 days,2014Q1,0.626,financing_liquidity
At most 90 days,2014Q1,0.831,financing_liquidity
At most 180 days,2014Q1,0.966,financing_liquidity
At most 365 days,2014Q1,0.982,financing_liquidity
At most 1 day,2014Q2,0.451,financing_liquidity
At most 7 days,2014Q2,0.529,financing_liquidity
At most 30 days,2014Q2,0.642,financing_liquidity
At most 90 days,2014Q2,0.834,financing_liquidity
At most 180 days,2014Q2,0.959,financing_liquidity
At most 365 days,2014Q2,0.982,financing_liquidity
At most 1 day,2014Q3,0.438,financing_liquidity
At most 7 days,2014Q3,0.521,financing_liquidity
At most 30 days,2014Q3,0.655,financing_liquidity
At most 90 days,2014Q3,0.828,financing_liquidity
At most 180 days,2014Q3,0.959,financing_liquidity
At most 365 days,2014Q3,0.981,financing_liquidity
At most 1 day,2014Q4,0.396,financing_liquidity
At most 7 days,2014Q4,0.505,financing_liquidity
At most 30 days,2014Q4,0.639,financing_liquidity
At most 90 days,2014Q4,0.821,financing_liquidity
At most 180 days,2014Q4,0.955,financing_liquidity
At most 365 days,2014Q4,0.979,financing_liquidity
At most 1 day,2015Q1,0.446,financing_liquidity
At most 7 days,2015Q1,0.526,financing_liquidity
At most 30 days,2015Q1,0.653,financing_liquidity
At most 90 days,2015Q1,0.803,financing_liquidity
At most 180 days,2015Q1,0.958,financing_liquidity
At most 365 days,2015Q1,0.982,financing_liquidity
At most 1 day,2015Q2,0.435,financing_liquidity
At most 7 days,2015Q2,0.517,financing_liquidity
At most 30 days,2015Q2,0.635,financing_liquidity
At most 90 days,2015Q2,0.79,financing_liquidity
At most 180 days,2015Q2,0.948,financing_liquidity
At most 365 days,2015Q2,0.978,financing_liquidity
At most 1 day,2015Q3,0.44,financing_liquidity
At most 7 days,2015Q3,0.533,financing_liquidity
At most 30 days,2015Q3,0.653,financing_liquidity
At most 90 days,2015Q3,0.795,financing_liquidity
At most 180 days,2015Q3,0.951,financing_liquidity
At most 365 days,2015Q3,0.976,financing_liquidity
At most 1 day,2015Q4,0.31,financing_liquidity
At most 7 days,2015Q4,0.388,financing_liquidity
At most 30 days,2015Q4,0.662,financing_liquidity
At most 90 days,2015Q4,0.777,financing_liquidity
At most 180 days,2015Q4,0.89,financing_liquidity
At most 365 days,2015Q4,0.983,financing_liquidity
At most 1 day,2016Q1,0.433,financing_liquidity
At most 7 days,2016Q1,0.527,financing_liquidity
At most 30 days,2016Q1,0.666,financing_liquidity
At most 90 days,2016Q1,0.818,financing_liquidity
At most 180 days,2016Q1,0.962,financing_liquidity
At most 365 days,2016Q1,0.976,financing_liquidity
At most 1 day,2016Q2,0.434,financing_liquidity
At most 7 days,2016Q2,0.527,financing_liquidity
At most 30 days,2016Q2,0.657,financing_liquidity
At most 90 days,2016Q2,0.817,financing_liquidity
At most 180 days,2016Q2,0.96,financing_liquidity
At most 365 days,2016Q2,0.974,financing_liquidity
At most 1 day,2016Q3,0.37,financing_liquidity
At most 7 days,2016Q3,0.535,financing_liquidity
At most 30 days,2016Q3,0.651,financing_liquidity
At most 90 days,2016Q3,0.808,financing_liquidity
At most 180 days,2016Q3,0.961,financing_liquidity
At most 365 days,2016Q3,0.975,financing_liquidity
At most 1 day,2016Q4,0.356,financing_liquidity
At most 7 days,2016Q4,0.479,financing_liquidity
At most 30 days,2016Q4,0.639,financing_liquidity
At most 90 days,2016Q4,0.81,financing_liquidity
At most 180 days,2016Q4,0.959,financing_liquidity
At most 365 days,2016Q4,0.973,financing_liquidity
At most 1 day,2017Q1,0.36,financing_liquidity
At most 7 days,2017Q1,0.527,financing_liquidity
At most 30 days,2017Q1,0.648,financing_liquidity
At most 90 days,2017Q1,0.801,financing_liquidity
At most 180 days,2017Q1,0.96,financing_liquidity
At most 365 days,2017Q1,0.973,financing_liquidity
At most 1 day,2017Q2,0.344,financing_liquidity
At most 7 days,2017Q2,0.532,financing_liquidity
At most 30 days,2017Q2,0.653,financing_liquidity
At most 90 days,2017Q2,0.808,financing_liquidity
At most 180 days,2017Q2,0.961,financing_liquidity
At most 365 days,2017Q2,0.974,financing_liquidity
At most 1 day,2017Q3,0.352,financing_liquidity
At most 7 days,2017Q3,0.516,financing_liquidity
At most 30 days,2017Q3,0.64,financing_liquidity
At most 90 days,2017Q3,0.792,financing_liquidity
At most 180 days,2017Q3,0.96,financing_liquidity
At most 365 days,2017Q3,0.973,financing_liquidity
At most 1 day,2017Q4,0.343,financing_liquidity
At most 7 days,2017Q4,0.497,financing_liquidity
At most 30 days,2017Q4,0.649,financing_liquidity
At most 90 days,2017Q4,0.803,financing_liquidity
At most 180 days,2017Q4,0.959,financing_liquidity
At most 365 days,2017Q4,0.972,financing_liquidity
At most 1 day,2018Q1,0.318,financing_liquidity
At most 7 days,2018Q1,0.517,financing_liquidity
At most 30 days,2018Q1,0.652,financing_liquidity
At most 90 days,2018Q1,0.805,financing_liquidity
At most 180 days,2018Q1,0.958,financing_liquidity
At most 365 days,2018Q1,0.969,financing_liquidity
At most 1 day,2018Q2,0.328,financing_liquidity
At most 7 days,2018Q2,0.525,financing_liquidity
At most 30 days,2018Q2,0.665,financing_liquidity
At most 90 days,2018Q2,0.805,financing_liquidity
At most 180 days,2018Q2,0.958,financing_liquidity
At most 365 days,2018Q2,0.97,financing_liquidity
At most 1 day,2018Q3,0.358,financing_liquidity
At most 7 days,2018Q3,0.516,financing_liquidity
At most 30 days,2018Q3,0.658,financing_liquidity
At most 90 days,2018Q3,0.798,financing_liquidity
At most 180 days,2018Q3,0.96,financing_liquidity
At most 365 days,2018Q3,0.972,financing_liquidity
At most 1 day,2018Q4,0.3,financing_liquidity
At most 7 days,2018Q4,0.5,financing_liquidity
At most 30 days,2018Q4,0.685,financing_liquidity
At most 90 days,2018Q4,0.828,financing_liquidity
At most 180 days,2018Q4,0.957,financing_liquidity
At most 365 days,2018Q4,0.968,financing_liquidity
At most 1 day,2019Q1,0.347,financing_liquidity
At most 7 days,2019Q1,0.513,financing_liquidity
At most 30 days,2019Q1,0.685,financing_liquidity
At most 90 days,2019Q1,0.827,financing_liquidity
At most 180 days,2019Q1,0.957,financing_liquidity
At most 365 days,2019Q1,0.966,financing_liquidity
At most 1 day,2019Q2,0.343,financing_liquidity
At most 7 days,2019Q2,0.507,financing_liquidity
At most 30 days,2019Q2,0.677,financing_liquidity
At most 90 days,2019Q2,0.833,financing_liquidity
At most 180 days,2019Q2,0.954,financing_liquidity
At most 365 days,2019Q2,0.965,financing_liquidity
At most 1 day,2019Q3,0.397,financing_liquidity
At most 7 days,2019Q3,0.538,financing_liquidity
At most 30 days,2019Q3,0.687,financing_liquidity
At most 90 days,2019Q3,0.826,financing_liquidity
At most 180 days,2019Q3,0.951,financing_liquidity
At most 365 days,2019Q3,0.962,financing_liquidity
At most 1 day,2019Q4,0.29,financing_liquidity
At most 7 days,2019Q4,0.475,financing_liquidity
At most 30 days,2019Q4,0.671,financing_liquidity
At most 90 days,2019Q4,0.826,financing_liquidity
At most 180 days,2019Q4,0.949,financing_liquidity
At most 365 days,2019Q4,0.96,financing_liquidity
At most 1 day,2020Q1,0.366,financing_liquidity
At most 7 days,2020Q1,0.499,financing_liquidity
At most 30 days,2020Q1,0.697,financing_liquidity
At most 90 days,2020Q1,0.837,financing_liquidity
At most 180 days,2020Q1,0.943,financing_liquidity
At most 365 days,2020Q1,0.953,financing_liquidity
At most 1 day,2020Q2,0.386,financing_liquidity
At most 7 days,2020Q2,0.5,financing_liquidity
At most 30 days,2020Q2,0.662,financing_liquidity
At most 90 days,2020Q2,0.809,financing_liquidity
At most 180 days,2020Q2,0.945,financing_liquidity
At most 365 days,2020Q2,0.958,financing_liquidity
At most 1 day,2020Q3,0.386,financing_liquidity
At most 7 days,2020Q3,0.504,financing_liquidity
At most 30 days,2020Q3,0.671,financing_liquidity
At most 90 days,2020Q3,0.807,financing_liquidity
At most 180 days,2020Q3,0.947,financing_liquidity
At most 365 days,2020Q3,0.96,financing_liquidity
At most 1 day,2020Q4,0.276,financing_liquidity
At most 7 days,2020Q4,0.438,financing_liquidity
At most 30 days,2020Q4,0.65,financing_liquidity
At most 90 days,2020Q4,0.791,financing_liquidity
At most 180 days,2020Q4,0.948,financing_liquidity
At most 365 days,2020Q4,0.96,financing_liquidity
At most 1 day,2021Q1,0.371,financing_liquidity
At most 7 days,2021Q1,0.445,financing_liquidity
At most 30 days,2021Q1,0.649,financing_liquidity
At most 90 days,2021Q1,0.786,financing_liquidity
At most 180 days,2021Q1,0.944,financing_liquidity
At most 365 days,2021Q1,0.955,financing_liquidity
At most 1 day,2021Q2,0.362,financing_liquidity
At most 7 days,2021Q2,0.463,financing_liquidity
At most 30 days,2021Q2,0.646,financing_liquidity
At most 90 days,2021Q2,0.768,financing_liquidity
At most 180 days,2021Q2,0.944,financing_liquidity
At most 365 days,2021Q2,0.958,financing_liquidity
At most 1 day,2021Q3,0.361,financing_liquidity
At most 7 days,2021Q3,0.468,financing_liquidity
At most 30 days,2021Q3,0.642,financing_liquidity
At most 90 days,2021Q3,0.762,financing_liquidity
At most 180 days,2021Q3,0.944,financing_liquidity
At most 365 days,2021Q3,0.954,financing_liquidity
At most 1 day,2021Q4,0.263,financing_liquidity
At most 7 days,2021Q4,0.423,financing_liquidity
At most 30 days,2021Q4,0.627,financing_liquidity
At most 90 days,2021Q4,0.772,financing_liquidity
At most 180 days,2021Q4,0.938,financing_liquidity
At most 365 days,2021Q4,0.954,financing_liquidity
At most 1 day,2022Q1,0.351,financing_liquidity
At most 7 days,2022Q1,0.454,financing_liquidity
At most 30 days,2022Q1,0.631,financing_liquidity
At most 90 days,2022Q1,0.763,financing_liquidity
At most 180 days,2022Q1,0.938,financing_liquidity
At most 365 days,2022Q1,0.951,financing_liquidity
At most 1 day,2022Q2,0.362,financing_liquidity
At most 7 days,2022Q2,0.462,financing_liquidity
At most 30 days,2022Q2,0.642,financing_liquidity
At most 90 days,2022Q2,0.759,financing_liquidity
At most 180 days,2022Q2,0.929,financing_liquidity
At most 365 days,2022Q2,0.942,financing_liquidity
At most 1 day,2022Q3,0.264,financing_liquidity
At most 7 days,2022Q3,0.459,financing_liquidity
At most 30 days,2022Q3,0.613,financing_liquidity
At most 90 days,2022Q3,0.75,financing_liquidity
At most 180 days,2022Q3,0.926,financing_liquidity
At most 365 days,2022Q3,0.941,financing_liquidity
At most 1 day,2022Q4,0.249,financing_liquidity
At most 7 days,2022Q4,0.405,financing_liquidity
At most 30 days,2022Q4,0.611,financing_liquidity
At most 90 days,2022Q4,0.749,financing_liquidity
At most 180 days,2022Q4,0.917,financing_liquidity
At most 365 days,2022Q4,0.939,financing_liquidity
At most 1 day,2023Q1,0.277,financing_liquidity
At most 7 days,2023Q1,0.465,financing_liquidity
At most 30 days,2023Q1,0.626,financing_liquidity
At most 90 days,2023Q1,0.757,financing_liquidity
At most 180 days,2023Q1,0.926,financing_liquidity
At most 365 days,2023Q1,0.945,financing_liquidity
At most 1 day,2023Q2,0.264,financing_liquidity
At most 7 days,2023Q2,0.473,financing_liquidity
At most 30 days,2023Q2,0.629,financing_liquidity
At most 90 days,2023Q2,0.768,financing_liquidity
At most 180 days,2023Q2,0.926,financing_liquidity
At most 365 days,2023Q2,0.944,financing_liquidity
At most 1 day,2023Q3,0.247,financing_liquidity
At most 7 days,2023Q3,0.489,financing_liquidity
At most 30 days,2023Q3,0.638,financing_liquidity
At most 90 days,2023Q3,0.778,financing_liquidity
At most 180 days,2023Q3,0.924,financing_liquidity
At most 365 days,2023Q3,0.946,financing_liquidity
At most 1 day,2023Q4,0.257,financing_liquidity
At most 7 days,2023Q4,0.437,financing_liquidity
At most 30 days,2023Q4,0.646,financing_liquidity
At most 90 days,2023Q4,0.784,financing_liquidity
At most 180 days,2023Q4,0.934,financing_liquidity
At most 365 days,2023Q4,0.953,financing_liquidity
At most 1 day,2024Q1,0.306,financing_liquidity
At most 7 days,2024Q1,0.481,financing_liquidity
At most 30 days,2024Q1,0.641,financing_liquidity
At most 90 days,2024Q1,0.779,financing_liquidity
At most 180 days,2024Q1,0.936,financing_liquidity
At most 365 days,2024Q1,0.953,financing_liquidity
At most 1 day,2024Q2,0.368,financing_liquidity
At most 7 days,2024Q2,0.493,financing_liquidity
At most 30 days,2024Q2,0.651,financing_liquidity
At most 90 days,2024Q2,0.783,financing_liquidity
At most 180 days,2024Q2,0.937,financing_liquidity
At most 365 days,2024Q2,0.955,financing_liquidity
At most 1 day,2024Q3,0.389,financing_liquidity
At most 7 days,2024Q3,0.515,financing_liquidity
At most 30 days,2024Q3,0.67,financing_liquidity
At most 90 days,2024Q3,0.786,financing_liquidity
At most 180 days,2024Q3,0.932,financing_liquidity
At most 365 days,2024Q3,0.948,financing_liquidity
At most 1 day,2024Q4,0.248,financing_liquidity
At most 7 days,2024Q4,0.457,financing_liquidity
At most 30 days,2024Q4,0.659,financing_liquidity
At most 90 days,2024Q4,0.78,financing_liquidity
At most 180 days,2024Q4,0.933,financing_liquidity
At most 365 days,2024Q4,0.95,financing_liquidity
At most 1 day,2025Q1,0.394,financing_liquidity
At most 7 days,2025Q1,0.509,financing_liquidity
At most 30 days,2025Q1,0.665,financing_liquidity
At most 90 days,2025Q1,0.782,financing_liquidity
At most 180 days,2025Q1,0.927,financing_liquidity
At most 365 days,2025Q1,0.942,financing_liquidity
